序号,编号,分类号,单位名称（中文）,时代（中文）,地址（中文）,类型（中文）,批次（中文）,省级政区名称（中文）,市级政区名称（中文）,县级政区名称（中文）
47,48,1,太室阙,东汉,河南省登封县,古建筑,第一批,河南省,郑州市,登封市
48,49,2,少室阙,东汉,河南省登封县,古建筑,第一批,河南省,郑州市,登封市
49,50,3,启母阙,东汉,河南省登封县,古建筑,第一批,河南省,郑州市,登封市
50,51,4,冯焕阙,东汉,四川省渠县,古建筑,第一批,四川省,达州市,渠县
51,52,5,平阳府君阙,东汉,四川绵阳县,古建筑,第一批,四川省,绵阳市,涪城区
52,53,6,沈府君阙,东汉,四川省渠县,古建筑,第一批,四川省,达州市,渠县
57,58,11,安济桥（大石桥）,隋,河北省宁晋县,古建筑,第一批,河北省,石家庄市,赵县
58,59,12,安平桥（五里桥）,南宋,福建省晋江县,古建筑,第一批,福建省,泉州市,南安市
59,60,13,永通桥（小石桥）,金,河北省宁晋县,古建筑,第一批,河北省,邢台市,宁晋县
76,77,30,义慈惠石柱,北齐,河北省易县,古建筑,第一批,河北省,保定市,定兴县
84,85,38,晋祠,宋,山西省太原市,古建筑,第一批,山西省,太原市,晋源区
97,98,51,居庸关云台,元,北京市昌平县,古建筑,第一批,北京市,北京市,昌平区
100,101,54,万里长城－八达岭,明,北京市延庆县,古建筑,第一批,北京市,北京市,延庆县
101,102,55,万里长城－山海关,明,河北省秦皇岛市,古建筑,第一批,河北省,秦皇岛市,山海关区
102,103,56,万里长城－嘉峪关,明,甘肃省酒泉市,古建筑,第一批,甘肃省,武威市,凉州区
103,104,57,西安城墙,明,陕西省西安市,古建筑,第一批,陕西省,西安市,碑林区
104,105,58,天坛,明,北京市崇文区,古建筑,第一批,北京市,北京市,东城区
105,106,59,北海及团城,明、清,北京市西城区,古建筑,第一批,北京市,北京市,西城区
112,113,66,国子监,清,北京市东城区,古建筑,第一批,北京市,北京市,东城区
118,119,72,武侯祠,清,四川省成都市,古建筑,第一批,四川省,成都市,武侯区
120,121,74,拙政园,明、清,江苏省苏州市,古建筑,第一批,江苏省,苏州市,姑苏区
121,122,75,颐和园,清,北京市海淀区,古建筑,第一批,北京市,北京市,海淀区
122,123,76,避暑山庄,清,河北省承德市,古建筑,第一批,河北省,承德市,双桥区
123,124,77,留园,清,江苏省苏州市,古建筑,第一批,江苏省,苏州市,姑苏区
375,196,2,可园,清,北京市东城区,古建筑,第五批,北京市,北京市,西城区
376,197,3,孚王府,清,北京市朝阳区,古建筑,第五批,北京市,北京市,东城区
377,198,4,景山,明、清,北京市西城区,古建筑,第五批,北京市,北京市,东城区
381,202,8,先农坛,明、清,北京市宣武区,古建筑,第五批,北京市,北京市,丰台区
386,207,13,天津广东会馆,清,天津市南开区,古建筑,第五批,天津市,天津市,南开区
390,211,17,鸡鸣驿城,明,河北省怀来县,古建筑,第五批,河北省,张家口市,怀来县
392,213,19,定州贡院,清,河北省定州市,古建筑,第五批,河北省,保定市,定州市
400,221,27,腰山王氏庄园,清,河北省顺平县,古建筑,第五批,河北省,保定市,顺平县
401,222,28,古莲花池,金至清,河北省保定市,古建筑,第五批,河北省,保定市,南市区
404,225,31,大同九龙壁,明,山西省大同市,古建筑,第五批,山西省,大同市,城区
410,231,37,窦大夫祠,元至清,山西省太原市,古建筑,第五批,山西省,太原市,尖草坪区
414,235,41,边靖楼,明,山西省代县,古建筑,第五批,山西省,忻州市,代县
421,242,48,大悲院,宋、金,山西省曲沃县,古建筑,第五批,山西省,临汾市,曲沃县
423,244,50,沁县大云院,宋至清,山西省沁县,古建筑,第五批,山西省,长治市,沁县
431,252,58,洪济院,金至清,山西省武乡县,古建筑,第五批,山西省,长治市,武乡县
441,262,68,乔家大院,清,山西省祁县,古建筑,第五批,山西省,晋中市,祁县
459,280,86,和硕恪靖公主府,清,内蒙古自治区呼和浩特市,古建筑,第五批,内蒙古自治区,呼和浩特市,回民区
463,284,90,退思园,清,江苏省吴江市,古建筑,第五批,江苏省,苏州市,吴江区
464,285,91,宝带桥,明,江苏省苏州市,古建筑,第五批,江苏省,苏州市,吴中区
465,286,92,耦园,清,江苏省苏州市,古建筑,第五批,江苏省,苏州市,姑苏区
467,288,94,水绘园,清,江苏省如皋市,古建筑,第五批,江苏省,南通市,如皋市
468,289,95,古月桥,宋,浙江省义乌市,古建筑,第五批,浙江省,金华市,义乌市
469,290,96,黄山八面厅,清,浙江省义乌市,古建筑,第五批,浙江省,金华市,义乌市
472,293,99,南阁牌楼群,明,浙江省乐清市,古建筑,第五批,浙江省,温州市,乐清市
473,294,100,庆安会馆,清,浙江省宁波市,古建筑,第五批,浙江省,宁波市,海曙区
475,296,102,如龙桥,明,浙江省庆元县,古建筑,第五批,浙江省,丽水市,庆元县
476,297,103,通济堰,南朝至清,浙江省丽水市,古建筑,第五批,浙江省,丽水市,莲都区
478,299,105,文澜阁,清,浙江省杭州市,古建筑,第五批,浙江省,杭州市,西湖区
479,300,106,俞源村古建筑群,元至清,浙江省武义县,古建筑,第五批,浙江省,金华市,武义县
480,301,107,八字桥,宋,浙江省绍兴市,古建筑,第五批,浙江省,绍兴市,越城区
481,302,108,吕府,明,浙江省绍兴市,古建筑,第五批,浙江省,绍兴市,越城区
483,304,110,台州府城墙,宋至清,浙江省临海市,古建筑,第五批,浙江省,台州市,临海市
484,305,111,桃渚城,明、清,浙江省临海市,古建筑,第五批,浙江省,台州市,临海市
485,306,112,郑义门古建筑群,清,浙江省浦江县,古建筑,第五批,浙江省,金华市,浦江县
487,308,114,绮园,清,浙江省海盐县,古建筑,第五批,浙江省,嘉兴市,海盐县
488,309,115,斯氏古民居建筑群,清,浙江省诸暨市,古建筑,第五批,浙江省,绍兴市,诸暨市
490,311,117,永昌堡,明,浙江省温州市,古建筑,第五批,浙江省,温州市,龙湾区
494,315,121,亳州古地道,宋、元,安徽省亳州市,古建筑,第五批,安徽省,亳州市,谯城区
495,316,122,白崖寨,元至清,安徽省宿松县,古建筑,第五批,安徽省,安庆市,宿松县
496,317,123,程氏三宅,明,安徽省黄山市,古建筑,第五批,安徽省,黄山市,屯溪区
497,318,124,呈坎村古建筑群,明、清,安徽省黄山市,古建筑,第五批,安徽省,黄山市,徽州区
498,319,125,渔梁坝,唐至清,安徽省歙县,古建筑,第五批,安徽省,黄山市,歙县
499,320,126,宏村古建筑群,明、清,安徽省黟县,古建筑,第五批,安徽省,黄山市,黟县
500,321,127,西递村古建筑群,明、清,安徽省黟县,古建筑,第五批,安徽省,黄山市,黟县
501,322,128,寿县古城墙,宋至清,安徽省寿县,古建筑,第五批,安徽省,六安市,寿县
502,323,129,查济古建筑群,元至清,安徽省泾县,古建筑,第五批,安徽省,宣城市,泾县
504,325,131,安贞堡,清,福建省永安市,古建筑,第五批,福建省,三明市,永安市
506,327,133,蔡氏古民居建筑群,清,福建省南安市,古建筑,第五批,福建省,泉州市,晋江市
511,332,138,江东桥,宋,福建省漳州市,古建筑,第五批,福建省,漳州市,龙文区
512,333,139,赵家堡－－诒安堡,明、清,福建省漳浦县,古建筑,第五批,福建省,漳州市,漳浦县
513,334,140,流坑村古建筑群,明、清,江西省乐安县,古建筑,第五批,江西省,抚州市,乐安县
514,335,141,关西新围、燕翼围,清,江西省龙南县,古建筑,第五批,江西省,赣州市,龙南县
516,337,143,临清运河钞关,明、清,山东省临清市,古建筑,第五批,河北省,邢台市,临西县
518,339,145,山陕甘会馆,清,河南省开封市,古建筑,第五批,河南省,开封市,开封市市辖区
519,340,146,康百万庄园,清,河南省巩义市,古建筑,第五批,河南省,郑州市,巩义市
523,344,150,小商桥,宋,河南省临颍县,古建筑,第五批,河南省,漯河市,郾城区
524,345,151,南阳知府衙门,清,河南省南阳市,古建筑,第五批,河南省,南阳市,卧龙区
525,346,152,潞泽会馆,清,河南省洛阳市,古建筑,第五批,河南省,洛阳市,老城区
528,349,155,荆紫关古建筑群,清,河南省浙川县,古建筑,第五批,河南省,许昌市,禹州市
537,358,164,百泉,明、清,河南省辉县市,古建筑,第五批,河南省,新乡市,辉县市
539,360,166,大水井古建筑群,清,湖北省利川市,古建筑,第五批,湖北省,恩施土家族苗族自治州,利川市
540,361,167,襄阳城墙,明,湖北省襄樊市,古建筑,第五批,湖北省,襄阳市,襄城区
541,362,168,襄阳王府绿影壁,明,湖北省襄樊市,古建筑,第五批,湖北省,襄阳市,樊城区
543,364,170,屈子祠,清,湖南省汨罗市,古建筑,第五批,湖南省,岳阳市,汨罗市
546,367,173,张谷英村古建筑群,明、清,湖南省岳阳县,古建筑,第五批,湖南省,岳阳市,岳阳县
547,368,174,芋头侗寨古建筑群,明、清,湖南省通道侗族自治县,古建筑,第五批,湖南省,怀化市,通道侗族自治县
548,369,175,东莞可园,清,广东省东莞市,古建筑,第五批,广东省,东莞市,东莞市市辖区
552,373,179,大鹏所城,明、清,广东省深圳市,古建筑,第五批,广东省,深圳市,龙岗区
554,375,181,肇庆古城墙,宋至清,广东省肇庆市,古建筑,第五批,广东省,肇庆市,端州区
556,377,183,已略黄公祠,清,广东省潮州市,古建筑,第五批,广东省,潮州市,潮安县
557,378,184,岜团桥,清,广西壮族自治区三江侗族自治县,古建筑,第五批,广西壮族自治区,柳州市,三江侗族自治县
558,379,185,临贺故城,汉至清,广西壮族自治区贺州市,古建筑,第五批,广西壮族自治区,贺州市,八步区
560,381,187,石宝寨,明、清,重庆市忠县,古建筑,第五批,重庆市,重庆市,忠县
561,382,188,丁房阙－－无铭阙,东汉,重庆市忠县,古建筑,第五批,重庆市,重庆市,忠县
563,384,190,直波碉楼,清,四川省马尔康县,古建筑,第五批,四川省,阿坝藏族羌族自治州,马尔康县
565,386,192,松潘古城墙,明,四川省松潘县,古建筑,第五批,四川省,阿坝藏族羌族自治州,松潘县
569,390,196,隆昌石牌坊,清,四川省隆昌县,古建筑,第五批,四川省,内江市,隆昌县
574,395,201,罨画池,清,四川省崇州市,古建筑,第五批,四川省,成都市,崇州市
577,398,204,云山屯古建筑群,明,贵州省安顺市,古建筑,第五批,贵州省,安顺市,西秀区
578,399,205,福泉城墙,明,贵州省福泉市,古建筑,第五批,贵州省,黔南布依族苗族自治州,福泉市
579,400,206,郎德上寨古建筑群,明、清,贵州省雷山县,古建筑,第五批,贵州省,黔东南苗族侗族自治州,雷山县
580,401,207,海龙屯,宋至明,贵州省遵义县,古建筑,第五批,贵州省,遵义市,汇川区
581,402,208,地坪风雨桥,清,贵州省黎平县,古建筑,第五批,贵州省,黔东南苗族侗族自治州,黎平县
583,404,210,喜洲白族古建筑群,明、清,云南省大理市,古建筑,第五批,云南省,大理白族自治州,大理市
586,407,213,朗色林庄园,明,西藏自治区扎囊县,古建筑,第五批,西藏自治区,山南地区,扎囊县
591,412,218,吉如拉康,唐至清,西藏自治区乃东县,古建筑,第五批,西藏自治区,山南地区,乃东县
606,427,233,党家村古建筑群,明、清,陕西省韩城市,古建筑,第五批,陕西省,渭南市,韩城市
610,431,237,胡氏古民居建筑,明、清,甘肃省天水市,古建筑,第五批,甘肃省,天水市,秦州区
620,441,247,五公祠,宋至清,海南省海口市,古建筑,第五批,海南省,海口市,琼山区
621,442,248,长城,春秋至明,北京市、河北省、山西省、内蒙古自治区、陕西省、山东省、宁夏回族自治区、辽宁省,古建筑,第五批,山东省,泰安市,肥城市
622,442,248-1,齐长城遗址,春秋、战国,山东省济南市、章丘市、肥城市、泰安市、莱芜市、淄博市、沂源县、临朐县、安丘市、诸城市、沂水县、莒县、五莲县、胶南市、青岛市,古建筑,第五批,山东省,淄博市,博山区
623,442,248-2,秦长城遗址,战国,内蒙古自治区伊金霍洛旗，宁夏回族自治区彭阳县、西吉县、固原县,古建筑,第五批,宁夏回族自治区,固原市,原州区
624,442,248-3,燕长城遗址,战国,辽宁省建平县,古建筑,第五批,辽宁省,朝阳市,建平县
625,442,248-4,司马台段,明,北京市密云县,古建筑,第五批,北京市,北京市,密云县
626,442,248-5,乌龙沟段,明,河北省涞源县,古建筑,第五批,河北省,保定市,涞源县
627,442,248-6,雁门关段,明,山西省代县,古建筑,第五批,山西省,忻州市,代县
628,442,248-7,清水河段,明,内蒙古自治区清水河县,古建筑,第五批,内蒙古自治区,呼和浩特市,清水河县
629,442,248-8,镇北台,明,陕西省榆林市,古建筑,第五批,陕西省,榆林市,榆阳区
787,79,1,龙脑桥,明,四川省泸县 ,古建筑,第四批,四川省,泸州市,泸县
801,93,15,府州城,五代-清,陕西省府谷县 ,古建筑,第四批,陕西省,榆林市,府谷县
813,105,27,赣州城墙,宋、明,江西省赣州市 ,古建筑,第四批,江西省,赣州市,章贡区
822,114,36,慈云阁,元,河北省定兴县 ,古建筑,第四批,河北省,保定市,定兴县
823,115,37,姬氏居民,元,山西省高平市 ,古建筑,第四批,山西省,晋城市,高平市
830,122,44,南阳武侯祠,元-清,河南省南阳市 ,古建筑,第四批,河南省,南阳市,卧龙区
838,130,52,北京鼓楼、钟楼,明、清,北京市东城区 ,古建筑,第四批,北京市,北京市,西城区
839,131,53,蔚州玉皇阁,明,河北省蔚县 ,古建筑,第四批,河北省,张家口市,蔚县
840,132,54,万里长城－紫荆关,明,河北省易县 ,古建筑,第四批,河北省,保定市,易县
843,135,57,美岱召,明,内蒙古自治区土默特右旗 ,古建筑,第四批,内蒙古自治区,包头市,土默特右旗
844,136,58,万里长城－九门口,明,辽宁省绥中县、河北省抚宁县 ,古建筑,第四批,辽宁省,丹东市,振兴区
846,138,60,诸葛、长乐村民居,明、清,浙江省兰溪市 ,古建筑,第四批,浙江省,杭州市,建德市
847,139,61,蒲壮所城,明,浙江省苍南县 ,古建筑,第四批,浙江省,温州市,苍南县
849,141,63,棠樾石牌坊群,明、清,安徽省歙县 ,古建筑,第四批,安徽省,黄山市,歙县
850,142,64,老屋阁及绿绕亭,明,安徽省黄山市 ,古建筑,第四批,安徽省,黄山市,徽州区
851,143,65,罗东舒祠,明,安徽省黄山市 ,古建筑,第四批,安徽省,黄山市,屯溪区
853,145,67,漳州石牌坊,明、清,福建省漳州市 ,古建筑,第四批,福建省,漳州市,芗城区
854,146,68,归德府城墙,明,河南省商丘县 ,古建筑,第四批,河南省,商丘市,梁园区
857,149,71,襄阳“古隆中”,明、清,湖北省襄樊市 ,古建筑,第四批,湖北省,襄阳市,襄城区
858,150,72,荆州城墙,明、清,湖北省荆州市 ,古建筑,第四批,湖北省,荆州市,荆州区
859,151,73,许附马府,明,广东省潮州市 ,古建筑,第四批,广东省,潮州市,湘桥区
861,153,75,莫土司衙署,明、清,广西壮族自治区忻城县 ,古建筑,第四批,广西壮族自治区,来宾市,忻城县
862,154,76,靖江王府及王陵,明,广西壮族自治区桂林市 ,古建筑,第四批,广西壮族自治区,桂林市,秀峰区
863,155,77,丘浚故居及墓,明,海南省琼山市、海口市 ,古建筑,第四批,海南省,海口市,琼山区
865,157,79,真武山古建筑群,明、清,四川省宜宾市 ,古建筑,第四批,四川省,宜宾市,翠屏区
866,158,80,张桓侯祠,明、清,四川省阆中市 ,古建筑,第四批,四川省,南充市,阆中市
869,161,83,西安钟楼、鼓楼,明,陕西省西安市 ,古建筑,第四批,陕西省,西安市,莲湖区
872,164,86,鲁土司衙门旧址,明、清,甘肃省永登县 ,古建筑,第四批,甘肃省,兰州市,永登县
876,168,90,袄神楼,清,山西省介休市 ,古建筑,第四批,山西省,晋中市,介休市
877,169,91,五当召,清,内蒙古自治区包头市 ,古建筑,第四批,内蒙古自治区,包头市,石拐区
878,170,92,盂城驿,清,江苏省高邮市 ,古建筑,第四批,江苏省,扬州市,高邮市
879,171,93,玉海楼,清,浙江省瑞安市 ,古建筑,第四批,浙江省,温州市,瑞安市
880,172,94,二宜楼,清,福建省华安县 ,古建筑,第四批,福建省,漳州市,华安县
881,173,95,魏氏庄园,清,山东省惠民县 ,古建筑,第四批,山东省,滨州市,惠民县
882,174,96,丁氏故宅,清,山东省龙口市 ,古建筑,第四批,山东省,烟台市,龙口市
883,175,97,开封城墙,清,河南省开封市 ,古建筑,第四批,河南省,开封市,开封市市辖区
885,177,99,内乡县衙,清,河南省内乡县 ,古建筑,第四批,河南省,南阳市,内乡县
886,178,100,马田鼓楼,清,湖南省通道侗族自治县 ,古建筑,第四批,湖南省,怀化市,通道侗族自治县
889,181,103,雷祖祠,明、清,广东省雷州市 ,古建筑,第四批,广东省,湛江市,雷州市
890,182,104,东坡书院,明、清,海南省儋州市 ,古建筑,第四批,海南省,儋州市,儋州市
891,183,105,德格印经院,清,四川省德格县 ,古建筑,第四批,四川省,甘孜藏族自治州,德格县
892,184,106,夕佳山民居,明、清,四川省江安县 ,古建筑,第四批,四川省,宜宾市,江安县
896,188,110,伊犁将军府,清,新疆维吾尔自治区伊宁市 ,古建筑,第四批,新疆维吾尔自治区,伊犁哈萨克自治州,伊宁市
1011,53,1,丰塘（芍陂）,春秋,安徽省寿县,古建筑,第三批,安徽省,六安市,寿县
1012,54,2,灵渠,秦,广西壮族自治区兴安县,古建筑,第三批,广西壮族自治区,桂林市,兴安县
1013,55,3,它山堰,唐,浙江省鄞县,古建筑,第三批,浙江省,宁波市,鄞州区
1014,56,4,木兰陂,北宋,福建省莆田县,古建筑,第三批,福建省,莆田市,城厢区
1015,57,5,桑海井,清,四川省自贡市,古建筑,第三批,四川省,自贡市,自流井区
1016,58,6,金山岭长城,明,河北省滦平县,古建筑,第三批,北京市,北京市,密云县
1017,59,7,南京城墙,明,江苏省南京市,古建筑,第三批,江苏省,南京市,鼓楼区
1018,60,8,平遥城墙,明,山西省平遥县,古建筑,第三批,山西省,晋中市,平遥县
1019,61,9,崇武城墙,明,福建省惠安县,古建筑,第三批,福建省,泉州市,惠安县
1020,62,10,兴城城墙,明至清,辽宁省兴城市,古建筑,第三批,辽宁省,葫芦岛市,兴城市
1021,63,11,正阳门,明至清,北京市,古建筑,第三批,北京市,北京市,西城区
1022,64,12,清远楼,明,河北省张家口市宣化区,古建筑,第三批,河北省,张家口市,宣化区
1023,65,13,光岳楼,明,山东省聊城市,古建筑,第三批,山东省,聊城市,东昌府区
1024,66,14,岳阳楼,清,湖南省岳阳市,古建筑,第三批,湖南省,岳阳市,岳阳楼区
1026,68,16,洛阳桥,宋至明,福建省泉州市,古建筑,第三批,福建省,泉州市,鲤城区
1027,69,17,广济桥,宋至明,广东省潮州市,古建筑,第三批,广东省,潮州市,湘桥区
1028,70,18,古纤道,明至清,浙江省绍兴市,古建筑,第三批,浙江省,绍兴市,越城区
1029,71,19,直隶总督署,清,河北省保定市,古建筑,第三批,河北省,保定市,南市区
1030,72,20,卓克基土司官寨,清,四川省马尔康县,古建筑,第三批,四川省,阿坝藏族羌族自治州,马尔康县
1032,74,22,白鹿书院,清,江西省九江市,古建筑,第三批,江西省,九江市,星子县
1033,75,23,岳麓书院,清,湖南省长沙市,古建筑,第三批,湖南省,长沙市,开福区
1034,76,24,西秦会馆,清,四川省自贡市,古建筑,第三批,四川省,自贡市,自流井区
1035,77,25,聊城山陕会馆,清,山东省聊城市,古建筑,第三批,山东省,聊城市,东昌府区
1036,78,26,社旗山陕会馆,清,河南省社旗县,古建筑,第三批,河南省,南阳市,社旗县
1039,81,29,社稷坛,明至清,北京市,古建筑,第三批,北京市,北京市,西城区
1042,84,32,龙川胡氏宗祠,明至清,安徽省绩溪县,古建筑,第三批,安徽省,宣城市,绩溪县
1044,86,34,泰宁尚书第,明,福建省泰宁县,古建筑,第三批,福建省,三明市,泰宁县
1045,87,35,丁村民宅,明至清,山西省襄汾县,古建筑,第三批,山西省,临汾市,襄汾县
1046,88,36,潜口民宅,明,安徽省歙县,古建筑,第三批,安徽省,黄山市,徽州区
1047,89,37,东阳卢宅,明至清,浙江省东阳县,古建筑,第三批,浙江省,金华市,东阳市
1048,90,38,祥集弄民宅,明,江西省景德镇市,古建筑,第三批,江西省,景德镇市,昌江区
1049,91,39,崇礼住宅,清,北京市东城区（东四六条6-365号四合院）,古建筑,第三批,北京市,北京市,东城区
1051,93,41,寄畅园,明至清,江苏省无锡市,古建筑,第三批,江苏省,无锡市,滨湖区
1052,94,42,环秀山庄,明至清,江苏省苏州市,古建筑,第三批,江苏省,苏州市,姑苏区
1053,95,43,十笏园,明至清,山东省潍坊市,古建筑,第三批,山东省,潍坊市,潍城区
1054,96,44,罗布林卡,清,西藏自治区拉萨市,古建筑,第三批,西藏自治区,拉萨市,城关区
1055,97,45,何园,清,江苏省扬州市,古建筑,第三批,江苏省,扬州市,广陵区
1056,98,46,个园,清,江苏省扬州市,古建筑,第三批,江苏省,扬州市,广陵区
1057,99,47,南通博物苑,清,江苏省南通市,古建筑,第三批,江苏省,南通市,崇川区
1059,101,49,“治世玄岳”牌坊,明,湖北省丹江口市,古建筑,第三批,湖北省,十堰市,丹江口市
1060,102,50,许国石坊,明,安徽省歙县,古建筑,第三批,安徽省,黄山市,歙县
1061,103,51,大土阁,明,广西壮族自治区合浦县,古建筑,第三批,广西壮族自治区,北海市,合浦县
1062,104,52,增冲鼓楼,清,贵州省从江县,古建筑,第三批,贵州省,黔东南苗族侗族自治州,从江县
1070,112,60,大云院,五代至清,山西省平顺县,古建筑,第三批,山西省,长治市,潞城市
1082,124,72,景真八角亭,清,云南省勐海县,古建筑,第三批,云南省,西双版纳傣族自治州,勐海县
1089,131,79,花戏楼,清,安徽省亳州市,古建筑,第三批,安徽省,亳州市,谯城区
1090,132,80,青龙洞,清,贵州省镇远县,古建筑,第三批,贵州省,黔东南苗族侗族自治州,镇远县
1118,160,108,旅顺监狱旧址,1898-1945年,辽宁省大连市,古建筑,第三批,辽宁省,大连市,旅顺口区
1923,707,7-0707-3-005,明北京城城墙遗存,明,北京市东城区、西城区,古建筑,第七批,北京市,北京市,西城区
1926,710,7-0710-3-008,琉璃河大桥,明,北京市房山区,古建筑,第七批,北京市,北京市,房山区
1928,712,7-0712-3-010,文天祥祠,明至清,北京市东城区,古建筑,第七批,北京市,北京市,西城区
1930,714,7-0714-3-012,克勤郡王府,清,北京市西城区,古建筑,第七批,北京市,北京市,西城区
1935,719,7-0719-3-017,张家口堡,汉、魏晋南北朝、唐、明、清,河北省张家口市,古建筑,第七批,河北省,张家口市,桥西区
1954,738,7-0738-3-036,灵寿石牌坊,明,河北省石家庄市灵寿县,古建筑,第七批,河北省,石家庄市,灵寿县
1957,741,7-0741-3-039,蔚州古城墙,明,河北省张家口市蔚县,古建筑,第七批,河北省,张家口市,蔚县
1960,744,7-0744-3-042,永平府城墙,明,河北省秦皇岛市卢龙县,古建筑,第七批,河北省,秦皇岛市,卢龙县
1961,745,7-0745-3-043,下胡良桥,明,河北省保定市涿州市,古建筑,第七批,河北省,保定市,涿州市
1963,747,7-0747-3-045,滏阳河西八闸,明,河北省邯郸市永年县,古建筑,第七批,河北省,邯郸市,磁县
1965,749,7-0749-3-047,保定钟楼,明,河北省保定市南市区,古建筑,第七批,河北省,保定市,南市区
1966,750,7-0750-3-048,正定城墙,明,河北省石家庄市正定县,古建筑,第七批,河北省,石家庄市,正定县
1969,753,7-0753-3-051,方顺桥,明至清,河北省保定市满城县,古建筑,第七批,河北省,保定市,满城县
1970,754,7-0754-3-052,登瀛桥,明至清,河北省沧州市沧县,古建筑,第七批,河北省,沧州市,沧县
1971,755,7-0755-3-053,洗马林城墙,明至清,河北省张家口市万全县,古建筑,第七批,河北省,张家口市,万全县
1972,756,7-0756-3-054,黄粱梦吕仙祠,明至清,河北省邯郸市邯郸县,古建筑,第七批,河北省,邯郸市,邯郸县
1973,757,7-0757-3-055,井陉旧城城墙,明至清,河北省石家庄市井陉县,古建筑,第七批,河北省,石家庄市,井陉县
1977,761,7-0761-3-059,衡水安济桥,清,河北省衡水市桃城区,古建筑,第七批,河北省,衡水市,桃城区
1979,763,7-0763-3-061,淮军公所,清,河北省保定市南市区,古建筑,第七批,河北省,保定市,南市区
1980,764,7-0764-3-062,清河道署,清,河北省保定市南市区,古建筑,第七批,河北省,保定市,南市区
1981,765,7-0765-3-063,深州盈亿义仓,清,河北省衡水市深州市,古建筑,第七批,河北省,衡水市,深州市
2006,790,7-0790-3-088,襄垣永惠桥,金,山西省长治市襄垣县,古建筑,第七批,山西省,长治市,襄垣县
2028,812,7-0812-3-110,南涅水洪教院,元至清,山西省长治市沁县,古建筑,第七批,山西省,长治市,沁县
2042,826,7-0826-3-124,律吕神祠,元至清,山西省大同市浑源县,古建筑,第七批,山西省,大同市,浑源县
2065,849,7-0849-3-147,隰县鼓楼,明,山西省临汾市隰县,古建筑,第七批,山西省,临汾市,隰县
2081,865,7-0865-3-163,藏山祠,明至清,山西省阳泉市盂县,古建筑,第七批,山西省,阳泉市,盂县
2084,868,7-0868-3-166,陈廷敬故居,明至清,山西省晋城市阳城县,古建筑,第七批,山西省,晋城市,阳城县
2099,883,7-0883-3-181,唱经楼,明至清,山西省太原市杏花岭区,古建筑,第七批,山西省,太原市,迎泽区
2106,890,7-0890-3-188,石四牌坊和木四牌坊,明至清,山西省临汾市翼城县,古建筑,第七批,山西省,临汾市,翼城县
2114,898,7-0898-3-196,平遥惠济桥,清,山西省晋中市平遥县,古建筑,第七批,山西省,晋中市,平遥县
2115,899,7-0899-3-197,雷履泰旧居,清,山西省晋中市平遥县,古建筑,第七批,山西省,晋中市,平遥县
2116,900,7-0900-3-198,平遥市楼,清,山西省晋中市平遥县,古建筑,第七批,山西省,晋中市,平遥县
2117,901,7-0901-3-199,南樊石牌坊及碑亭,清,山西省运城市绛县,古建筑,第七批,山西省,临汾市,曲沃县
2119,903,7-0903-3-201,郭家庄仇氏石牌坊及碑亭,清,山西省运城市闻喜县,古建筑,第七批,山西省,运城市,闻喜县
2121,905,7-0905-3-203,冠山书院,清,山西省阳泉市平定县,古建筑,第七批,山西省,阳泉市,平定县
2126,910,7-0910-3-208,准格尔召,明,内蒙古自治区鄂尔多斯市准格尔旗,古建筑,第七批,内蒙古自治区,鄂尔多斯市,准格尔旗
2127,911,7-0911-3-209,乌素图召,清,内蒙古自治区呼和浩特市回民区,古建筑,第七批,内蒙古自治区,呼和浩特市,回民区
2129,913,7-0913-3-211,奈曼蒙古王府,清,内蒙古自治区通辽市奈曼旗,古建筑,第七批,内蒙古自治区,通辽市,奈曼旗
2135,919,7-0919-3-217,四子王旗王府,清,内蒙古自治区乌兰察布市四子王旗,古建筑,第七批,内蒙古自治区,乌兰察布市,四子王旗
2155,939,7-0939-3-237,千山古建筑群,明至清,辽宁省鞍山市千山区,古建筑,第七批,辽宁省,鞍山市,千山区
2156,940,7-0940-3-238,银冈书院,清,辽宁省铁岭市银州区,古建筑,第七批,辽宁省,铁岭市,银州区
2158,942,7-0942-3-240,延吉边务督办公署旧址,清,吉林省延边朝鲜族自治州延吉市,古建筑,第七批,吉林省,延边朝鲜族自治州,延吉市
2159,943,7-0943-3-241,乌拉街清代建筑群,清,吉林省吉林市龙潭区,古建筑,第七批,吉林省,吉林市,龙潭区
2165,949,7-0949-3-247,思本桥,宋,江苏省苏州市吴江市,古建筑,第七批,江苏省,苏州市,吴江区
2172,956,7-0956-3-254,七桥瓮,明,江苏省南京市秦淮区,古建筑,第七批,江苏省,南京市,秦淮区
2173,957,7-0957-3-255,蒲塘桥,明,江苏省南京市溧水县,古建筑,第七批,江苏省,南京市,溧水区
2184,968,7-0968-3-266,近园,清,江苏省常州市天宁区,古建筑,第七批,江苏省,常州市,天宁区
2185,969,7-0969-3-267,杨柳村古建筑群,清,江苏省南京市江宁区,古建筑,第七批,江苏省,南京市,江宁区
2186,970,7-0970-3-268,苏州织造署旧址,清,江苏省苏州市沧浪区,古建筑,第七批,江苏省,苏州市,姑苏区
2188,972,7-0972-3-270,杨氏宅第,清,江苏省苏州市张家港市,古建筑,第七批,江苏省,苏州市,张家港市
2189,973,7-0973-3-271,燕园,清,江苏省苏州市常熟市,古建筑,第七批,江苏省,苏州市,常熟市
2191,975,7-0975-3-273,先蚕祠,清,江苏省苏州市吴江市,古建筑,第七批,江苏省,苏州市,吴江区
2193,977,7-0977-3-275,学政试院,清,江苏省泰州市海陵区,古建筑,第七批,江苏省,泰州市,海陵区
2194,978,7-0978-3-276,适园,清,江苏省无锡市江阴市,古建筑,第七批,江苏省,无锡市,江阴市
2195,979,7-0979-3-277,史可法墓祠,清,江苏省扬州市邗江区,古建筑,第七批,江苏省,扬州市,广陵区
2196,980,7-0980-3-278,汪氏盐商住宅,清,江苏省扬州市广陵区,古建筑,第七批,江苏省,扬州市,广陵区
2197,981,7-0981-3-279,贾氏盐商住宅,清,江苏省扬州市广陵区,古建筑,第七批,江苏省,扬州市,广陵区
2198,982,7-0982-3-280,卢氏盐商住宅,清,江苏省扬州市广陵区,古建筑,第七批,江苏省,扬州市,广陵区
2199,983,7-0983-3-281,逸圃,清,江苏省扬州市广陵区,古建筑,第七批,江苏省,扬州市,邗江区
2215,999,7-0999-3-297,八卦桥和河西桥,宋,浙江省温州市瑞安市,古建筑,第七批,浙江省,温州市,瑞安市
2217,1001,7-1001-3-299,西山桥,南宋,浙江省杭州市建德市,古建筑,第七批,浙江省,杭州市,建德市
2221,1005,7-1005-3-303,金昭牌坊和宪台牌坊,明,浙江省温州市永嘉县,古建筑,第七批,浙江省,温州市,永嘉县
2222,1006,7-1006-3-304,七家厅,明,浙江省金华市婺城区,古建筑,第七批,浙江省,金华市,婺城区
2223,1007,7-1007-3-305,关西世家,明,浙江省衢州市龙游县,古建筑,第七批,浙江省,衢州市,龙游县
2226,1010,7-1010-3-308,楠溪江宗祠建筑群,明至清,浙江省温州市永嘉县,古建筑,第七批,浙江省,温州市,永嘉县
2228,1012,7-1012-3-310,犭央 犭茶 湖避塘,明至清,浙江省绍兴市绍兴县,古建筑,第七批,浙江省,绍兴市,绍兴县
2229,1013,7-1013-3-311,鸡鸣山民居苑,明至清,浙江省衢州市龙游县,古建筑,第七批,浙江省,衢州市,龙游县
2230,1014,7-1014-3-312,南坞杨氏宗祠,明至清,浙江省衢州市江山市,古建筑,第七批,江西省,上饶市,玉山县
2231,1015,7-1015-3-313,河阳村乡土建筑,明至清,浙江省丽水市缙云县,古建筑,第七批,浙江省,丽水市,缙云县
2232,1016,7-1016-3-314,潘公桥及潘孝墓,明至清,浙江省湖州市吴兴区,古建筑,第七批,浙江省,湖州市,吴兴区
2233,1017,7-1017-3-315,玉岩包氏宗祠,明至清,浙江省温州市泰顺县,古建筑,第七批,浙江省,温州市,泰顺县
2236,1020,7-1020-3-318,上族祠,明至清,浙江省金华市兰溪市,古建筑,第七批,浙江省,金华市,兰溪市
2239,1023,7-1023-3-321,吴氏宗祠,明至清,浙江省衢州市衢江区,古建筑,第七批,浙江省,衢州市,衢江区
2242,1026,7-1026-3-324,兰亭,清,浙江省绍兴市绍兴县,古建筑,第七批,浙江省,绍兴市,绍兴县
2243,1027,7-1027-3-325,林宅,清,浙江省宁波市海曙区,古建筑,第七批,浙江省,宁波市,海曙区
2244,1028,7-1028-3-326,雪溪胡氏大院,清,浙江省温州市泰顺县,古建筑,第七批,浙江省,温州市,泰顺县
2245,1029,7-1029-3-327,陈阁老宅,清,浙江省嘉兴市海宁市,古建筑,第七批,浙江省,嘉兴市,海宁市
2246,1030,7-1030-3-328,双林三桥,清,浙江省湖州市南浔区,古建筑,第七批,浙江省,湖州市,南浔区
2248,1032,7-1032-3-330,马上桥花厅,清,浙江省金华市东阳市,古建筑,第七批,浙江省,金华市,东阳市
2250,1034,7-1034-3-332,北二蓝氏宗祠,清,浙江省衢州市柯城区,古建筑,第七批,浙江省,衢州市,柯城区
2251,1035,7-1035-3-333,三门源叶氏民居,清,浙江省衢州市龙游县,古建筑,第七批,浙江省,衢州市,龙游县
2261,1045,7-1045-3-343,程大位故居,明,安徽省黄山市屯溪区,古建筑,第七批,安徽省,黄山市,屯溪区
2262,1046,7-1046-3-344,黄村进士第,明,安徽省黄山市休宁县,古建筑,第七批,安徽省,黄山市,休宁县
2265,1049,7-1049-3-347,洪氏宗祠,明至清,安徽省黄山市歙县,古建筑,第七批,安徽省,黄山市,歙县
2266,1050,7-1050-3-348,奕世尚书坊和胡炳衡宅,明至清,安徽省宣城市绩溪县,古建筑,第七批,安徽省,宣城市,绩溪县
2269,1053,7-1053-3-351,太平山房,明至清,安徽省池州市青阳县,古建筑,第七批,安徽省,池州市,青阳县
2276,1060,7-1060-3-358,济阳曹氏宗祠,清,安徽省池州市青阳县,古建筑,第七批,安徽省,池州市,青阳县
2277,1061,7-1061-3-359,上章李氏宗祠,清,安徽省池州市青阳县,古建筑,第七批,安徽省,池州市,青阳县
2280,1064,7-1064-3-362,北岸吴氏宗祠,清,安徽省黄山市歙县,古建筑,第七批,安徽省,黄山市,歙县
2281,1065,7-1065-3-363,员公支祠,清,安徽省黄山市歙县,古建筑,第七批,安徽省,黄山市,歙县
2282,1066,7-1066-3-364,昌溪周氏宗祠,清,安徽省黄山市歙县,古建筑,第七批,安徽省,黄山市,歙县
2283,1067,7-1067-3-365,北岸廊桥,清,安徽省黄山市歙县,古建筑,第七批,安徽省,黄山市,歙县
2284,1068,7-1068-3-366,兴村程氏宗祠,清,安徽省黄山市黄山区,古建筑,第七批,安徽省,黄山市,黄山区
2285,1069,7-1069-3-367,南京巷钱庄,清,安徽省亳州市谯城区,古建筑,第七批,安徽省,亳州市,谯城区
2286,1070,7-1070-3-368,太白楼,清,安徽省马鞍山市雨山区,古建筑,第七批,安徽省,马鞍山市,雨山区
2288,1072,7-1072-3-370,龙江桥,宋,福建省福州市福清市,古建筑,第七批,福建省,福州市,福清市
2291,1075,7-1075-3-373,宁海桥,元,福建省莆田市涵江区,古建筑,第七批,福建省,莆田市,荔城区
2293,1077,7-1077-3-375,镇海卫城址,明,福建省漳州市龙海市,古建筑,第七批,福建省,漳州市,龙海市
2299,1083,7-1083-3-381,大田土堡群,明至清,福建省三明市大田县,古建筑,第七批,福建省,三明市,大田县
2304,1088,7-1088-3-386,漈下建筑群,清,福建省宁德市屏南县,古建筑,第七批,福建省,宁德市,屏南县
2305,1089,7-1089-3-387,蓝廷珍府第,清,福建省漳州市漳浦县,古建筑,第七批,福建省,漳州市,漳浦县
2306,1090,7-1090-3-388,九头马民居,清,福建省福州市长乐市,古建筑,第七批,福建省,福州市,长乐市
2307,1091,7-1091-3-389,亭店杨氏民居,清,福建省泉州市鲤城区,古建筑,第七批,福建省,泉州市,鲤城区
2308,1092,7-1092-3-390,南安林氏民居,清,福建省泉州市南安市,古建筑,第七批,福建省,泉州市,南安市
2309,1093,7-1093-3-391,南安中宪第,清,福建省泉州市南安市,古建筑,第七批,福建省,泉州市,南安市
2310,1094,7-1094-3-392,李光地宅和祠,清,福建省泉州市安溪县,古建筑,第七批,福建省,泉州市,安溪县
2311,1095,7-1095-3-393,玉井坊郑氏大厝,清,福建省三明市尤溪县,古建筑,第七批,福建省,三明市,尤溪县
2314,1098,7-1098-3-396,官田李氏大宗祠,清,福建省龙岩市上杭县,古建筑,第七批,福建省,龙岩市,上杭县
2315,1099,7-1099-3-397,凤岐吴氏大宅,清,福建省宁德市柘荣县,古建筑,第七批,福建省,宁德市,柘荣县
2318,1102,7-1102-3-400,槎滩陂,五代,江西省吉安市泰和县,古建筑,第七批,江西省,吉安市,泰和县
2320,1104,7-1104-3-402,逢渠桥,宋,江西省宜春市宜丰县,古建筑,第七批,江西省,宜春市,宜丰县
2323,1107,7-1107-3-405,万安城墙,宋至明,江西省吉安市万安县,古建筑,第七批,江西省,吉安市,万安县
2324,1108,7-1108-3-406,紫阳堤,南宋,江西省九江市星子县,古建筑,第七批,江西省,九江市,星子县
2325,1109,7-1109-3-407,龙虎山古建筑群,南宋、元、清,江西省鹰潭市,古建筑,第七批,江西省,鹰潭市,贵溪市
2326,1110,7-1110-3-408,明园,明,江西省景德镇市昌江区,古建筑,第七批,江西省,景德镇市,昌江区
2328,1112,7-1112-3-410,庐山赐经亭,明,江西省九江市,古建筑,第七批,江西省,九江市,星子县
2329,1113,7-1113-3-411,景贤贾氏宗祠,明,江西省宜春市高安市,古建筑,第七批,江西省,宜春市,高安市
2330,1114,7-1114-3-412,三清山古建筑群,明,江西省上饶市,古建筑,第七批,江西省,上饶市,玉山县
2331,1115,7-1115-3-413,龙图学士和刺史传芳牌楼门,明至清,江西省抚州市乐安县,古建筑,第七批,江西省,抚州市,乐安县
2332,1116,7-1116-3-414,白鹭洲书院,明至清,江西省吉安市吉州区,古建筑,第七批,江西省,吉安市,吉州区
2334,1118,7-1118-3-416,羊角水堡,明至清,江西省赣州市会昌县,古建筑,第七批,江西省,赣州市,会昌县
2335,1119,7-1119-3-417,龙溪祝氏宗祠,明至清,江西省上饶市广丰县,古建筑,第七批,江西省,上饶市,广丰县
2338,1122,7-1122-3-420,太平桥,清,江西省赣州市龙南县,古建筑,第七批,江西省,赣州市,龙南县
2339,1123,7-1123-3-421,羽琌山馆和云亭别墅,清,江西省南昌市进贤县,古建筑,第七批,江西省,南昌市,进贤县
2340,1124,7-1124-3-422,永镇桥,清,江西省赣州市安远县,古建筑,第七批,江西省,赣州市,安远县
2341,1125,7-1125-3-423,玉带桥,清,江西省赣州市信丰县,古建筑,第七批,江西省,赣州市,信丰县
2342,1126,7-1126-3-424,龚氏宗祠两牌楼及浣纱记石雕,清,江西省上饶市上饶县,古建筑,第七批,江西省,上饶市,上饶县
2344,1128,7-1128-3-426,驿前石屋里民宅,清,江西省抚州市广昌县,古建筑,第七批,江西省,抚州市,广昌县
2346,1130,7-1130-3-428,凤山查氏宗祠,清,江西省上饶市婺源县,古建筑,第七批,江西省,上饶市,婺源县
2347,1131,7-1131-3-429,新源俞氏宗祠,清,江西省上饶市婺源县,古建筑,第七批,江西省,上饶市,婺源县
2349,1133,7-1133-3-431,镇窑,清,江西省景德镇市昌江区,古建筑,第七批,江西省,景德镇市,昌江区
2350,1134,7-1134-3-432,东生围,清,江西省赣州市安远县,古建筑,第七批,江西省,赣州市,安远县
2351,1135,7-1135-3-433,金口坝,南北朝至明,山东省济宁市兖州市,古建筑,第七批,山东省,济宁市,兖州市
2359,1143,7-1143-3-441,崂山道教建筑群,元至清,山东省青岛市崂山区,古建筑,第七批,山东省,青岛市,崂山区
2362,1146,7-1146-3-444,平阴永济桥,明,山东省济南市平阴县,古建筑,第七批,山东省,济南市,平阴县
2364,1148,7-1148-3-446,衡王府石坊,明,山东省潍坊市青州市,古建筑,第七批,山东省,潍坊市,青州市
2368,1152,7-1152-3-450,大汶口古石桥,明至清,山东省泰安市岱岳区,古建筑,第七批,山东省,泰安市,岱岳区
2370,1154,7-1154-3-452,青城文昌阁,清,山东省淄博市高青县,古建筑,第七批,山东省,淄博市,高青县
2372,1156,7-1156-3-454,慈孝兼完坊,清,山东省济宁市市中区,古建筑,第七批,山东省,济宁市,市中区
2373,1157,7-1157-3-455,百寿坊及百狮坊,清,山东省菏泽市单县,古建筑,第七批,山东省,菏泽市,单县
2375,1159,7-1159-3-457,五龙口古代水利设施,秦至清,河南省济源市,古建筑,第七批,河南省,济源市,济源市
2376,1160,7-1160-3-458,正阳石阙,东汉,河南省驻马店市正阳县,古建筑,第七批,河南省,驻马店市,正阳县
2398,1182,7-1182-3-480,浚县古城墙及文治阁,明,河南省鹤壁市浚县,古建筑,第七批,河南省,鹤壁市,浚县
2401,1185,7-1185-3-483,襄城城墙,明,河南省许昌市襄城县,古建筑,第七批,河南省,许昌市,襄城县
2405,1189,7-1189-3-487,永济桥,明至清,河南省信阳市光山县,古建筑,第七批,河南省,信阳市,光山县
2414,1198,7-1198-3-496,寨卜昌村古建筑群,明至清,河南省焦作市博爱县,古建筑,第七批,河南省,焦作市,博爱县
2416,1200,7-1200-3-498,临沣寨,明至清,河南省平顶山市郏县,古建筑,第七批,河南省,平顶山市,郏县
2418,1202,7-1202-3-500,密县县衙,清,河南省郑州市新密市,古建筑,第七批,河南省,郑州市,新密市
2424,1208,7-1208-3-506,邓城叶氏庄园,清,河南省周口市商水县,古建筑,第七批,河南省,周口市,商水县
2425,1209,7-1209-3-507,郏县山陕会馆,清,河南省平顶山市郏县,古建筑,第七批,河南省,平顶山市,郏县
2432,1216,7-1216-3-514,槐山矶驳岸,明,湖北省武汉市江夏区,古建筑,第七批,湖北省,武汉市,江夏区
2435,1219,7-1219-3-517,杨家湾老屋,清,湖北省宜昌市夷陵区,古建筑,第七批,湖北省,宜昌市,夷陵区
2436,1220,7-1220-3-518,百宝寨岩屋,清,湖北省宜昌市当阳市,古建筑,第七批,湖北省,宜昌市,当阳市
2437,1221,7-1221-3-519,甘氏宗祠,清,湖北省十堰市竹溪县,古建筑,第七批,湖北省,十堰市,竹溪县
2438,1222,7-1222-3-520,大丰仓,清,湖北省十堰市郧县,古建筑,第七批,湖北省,十堰市,郧县
2439,1223,7-1223-3-521,上津古城,清,湖北省十堰市郧西县,古建筑,第七批,湖北省,十堰市,郧西县
2440,1224,7-1224-3-522,万年台戏台,清,湖北省黄冈市浠水县,古建筑,第七批,湖北省,黄冈市,浠水县
2441,1225,7-1225-3-523,沈鸿宾故居,清,湖北省咸宁市咸安区,古建筑,第七批,湖北省,咸宁市,咸安区
2442,1226,7-1226-3-524,王明璠府第,清,湖北省咸宁市通山县,古建筑,第七批,湖北省,咸宁市,通山县
2443,1227,7-1227-3-525,彭家寨古建筑群,清,湖北省恩施土家族苗族自治州宣恩县,古建筑,第七批,湖北省,恩施土家族苗族自治州,宣恩县
2447,1231,7-1231-3-529,宝庆府古城墙,宋至清,湖南省邵阳市大祥区,古建筑,第七批,湖南省,邵阳市,大祥区
2448,1232,7-1232-3-530,武冈城墙,宋至清,湖南省邵阳市武冈市,古建筑,第七批,湖南省,邵阳市,武冈市
2452,1236,7-1236-3-534,天心阁古城墙,明,湖南省长沙市天心区,古建筑,第七批,湖南省,长沙市,天心区
2453,1237,7-1237-3-535,大渔村王氏宗祠,明至清,湖南省衡阳市衡南县,古建筑,第七批,湖南省,衡阳市,衡南县
2455,1239,7-1239-3-537,龙溪李家大院,明至清,湖南省永州市祁阳县,古建筑,第七批,湖南省,永州市,祁阳县
2456,1240,7-1240-3-538,涧岩头周家大院古建筑群,明至清,湖南省永州市零陵区,古建筑,第七批,湖南省,永州市,零陵区
2458,1242,7-1242-3-540,濂溪故里古建筑群,明至清,湖南省永州市道县,古建筑,第七批,湖南省,永州市,道县
2459,1243,7-1243-3-541,荆坪村古建筑群,明至清,湖南省怀化市中方县,古建筑,第七批,湖南省,怀化市,中方县
2461,1245,7-1245-3-543,澧州古城墙,明至清,湖南省常德市澧县,古建筑,第七批,湖南省,常德市,澧县
2472,1256,7-1256-3-554,北五省会馆,清,湖南省湘潭市雨湖区,古建筑,第七批,湖南省,湘潭市,雨湖区
2473,1257,7-1257-3-555,岁圆楼古建筑群,清,湖南省永州市双牌县,古建筑,第七批,湖南省,永州市,双牌县
2476,1260,7-1260-3-558,恭城书院,清,湖南省怀化市通道侗族自治县,古建筑,第七批,湖南省,怀化市,通道侗族自治县
2477,1261,7-1261-3-559,芙蓉楼,清,湖南省怀化市洪江市,古建筑,第七批,湖南省,怀化市,洪江市
2478,1262,7-1262-3-560,兵书阁与文星桥,清,湖南省怀化市通道侗族自治县,古建筑,第七批,湖南省,怀化市,通道侗族自治县
2479,1263,7-1263-3-561,广利桥,清,湖南省永州市东安县,古建筑,第七批,湖南省,永州市,东安县
2480,1264,7-1264-3-562,久安背翰林祠,清,湖南省永州市宁远县,古建筑,第七批,湖南省,永州市,宁远县
2482,1266,7-1266-3-564,王船山故居及墓,清,湖南省衡阳市衡阳县,古建筑,第七批,湖南省,衡阳市,衡阳县
2483,1267,7-1267-3-565,田家大院,清,湖南省张家界市永定区,古建筑,第七批,湖南省,张家界市,永定区
2486,1270,7-1270-3-568,南粤雄关与古道,唐至明,广东省韶关市南雄市,古建筑,第七批,广东省,韶关市,南雄市
2488,1272,7-1272-3-570,父子进士牌坊,明,广东省梅州市大埔县,古建筑,第七批,广东省,梅州市,大埔县
2490,1274,7-1274-3-572,潮州老城古民居建筑群,明至清,广东省潮州市,古建筑,第七批,广东省,潮州市,潮安县
2495,1279,7-1279-3-577,清晖园,清,广东省佛山市顺德区,古建筑,第七批,广东省,佛山市,顺德区
2496,1280,7-1280-3-578,长围村围屋,清,广东省韶关市始兴县,古建筑,第七批,广东省,韶关市,始兴县
2497,1281,7-1281-3-579,茶东陈氏宗祠群,清,广东省中山市,古建筑,第七批,广东省,中山市,中山市市辖区
2500,1284,7-1284-3-582,永宁州城城墙,明,广西壮族自治区桂林市永福县,古建筑,第七批,广西壮族自治区,桂林市,永福县
2501,1285,7-1285-3-583,大芦村古建筑群,明至清,广西壮族自治区钦州市灵山县,古建筑,第七批,广西壮族自治区,钦州市,灵山县
2502,1286,7-1286-3-584,富川瑶族风雨桥群,明至清,广西壮族自治区贺州市富川瑶族自治县,古建筑,第七批,广西壮族自治区,贺州市,富川瑶族自治县
2505,1289,7-1289-3-587,惠爱桥,清,广西壮族自治区北海市合浦县,古建筑,第七批,广西壮族自治区,北海市,合浦县
2506,1290,7-1290-3-588,西林岑氏家族建筑群,清,广西壮族自治区百色市西林县,古建筑,第七批,广西壮族自治区,百色市,西林县
2511,1295,7-1295-3-593,重庆古城墙,明,重庆市渝中区,古建筑,第七批,重庆市,重庆市,渝中区
2512,1296,7-1296-3-594,彭氏宗祠,清,重庆市云阳县,古建筑,第七批,重庆市,重庆市,云阳县
2514,1298,7-1298-3-596,离堆,秦至清,四川省乐山市市中区,古建筑,第七批,四川省,乐山市,市中区
2518,1302,7-1302-3-600,卓筒井,宋,四川省遂宁市大英县,古建筑,第七批,四川省,遂宁市,大英县
2528,1312,7-1312-3-610,乡城夯土碉楼,明,四川省甘孜藏族自治州乡城县,古建筑,第七批,四川省,甘孜藏族自治州,乡城县
2534,1318,7-1318-3-616,甲扎尔甲山洞窟壁画,明至清,四川省阿坝藏族羌族自治州马尔康县,古建筑,第七批,四川省,阿坝藏族羌族自治州,马尔康县
2537,1321,7-1321-3-619,泸县龙桥群,明至清,四川省泸州市泸县,古建筑,第七批,四川省,泸州市,泸县
2539,1323,7-1323-3-621,潼川古城墙,明至清,四川省绵阳市三台县,古建筑,第七批,四川省,绵阳市,三台县
2543,1327,7-1327-3-625,南溪城墙,明至清,四川省宜宾市南溪县,古建筑,第七批,四川省,宜宾市,翠屏区
2544,1328,7-1328-3-626,尧坝镇古建筑群,明至清,四川省泸州市合江县,古建筑,第七批,四川省,泸州市,合江县
2553,1337,7-1337-3-635,青林口古建筑群,清,四川省绵阳市江油市,古建筑,第七批,四川省,绵阳市,江油市
2556,1340,7-1340-3-638,曾达关碉,清,四川省阿坝藏族羌族自治州金川县,古建筑,第七批,四川省,阿坝藏族羌族自治州,金川县
2557,1341,7-1341-3-639,筹边楼,清,四川省阿坝藏族羌族自治州理县,古建筑,第七批,四川省,阿坝藏族羌族自治州,理县
2558,1342,7-1342-3-640,沃日土司官寨经楼与碉,清,四川省阿坝藏族羌族自治州小金县,古建筑,第七批,四川省,阿坝藏族羌族自治州,小金县
2561,1345,7-1345-3-643,寿安陈家大院,清,四川省成都市温江区,古建筑,第七批,四川省,成都市,温江区
2564,1348,7-1348-3-646,川北道贡院,清,四川省南充市阆中市,古建筑,第七批,四川省,南充市,阆中市
2566,1350,7-1350-3-648,九襄石牌坊,清,四川省雅安市汉源县,古建筑,第七批,四川省,雅安市,汉源县
2572,1356,7-1356-3-654,鲍家屯水利工程,明,贵州省安顺市西秀区,古建筑,第七批,贵州省,安顺市,西秀区
2573,1357,7-1357-3-655,镇远城墙,明至清,贵州省黔东南苗族侗族自治州镇远县,古建筑,第七批,贵州省,黔东南苗族侗族自治州,镇远县
2575,1359,7-1359-3-657,隆里古建筑群,明至清,贵州省黔东南苗族侗族自治州锦屏县,古建筑,第七批,贵州省,黔东南苗族侗族自治州,锦屏县
2577,1361,7-1361-3-659,榕江大利村古建筑群,明至清,贵州省黔东南苗族侗族自治州榕江县,古建筑,第七批,贵州省,黔东南苗族侗族自治州,榕江县
2579,1363,7-1363-3-661,岩门长官司城,清,贵州省黔东南苗族侗族自治州黄平县,古建筑,第七批,贵州省,黔东南苗族侗族自治州,黄平县
2581,1365,7-1365-3-663,高阡鼓楼,清,贵州省黔东南苗族侗族自治州从江县,古建筑,第七批,贵州省,黔东南苗族侗族自治州,从江县
2582,1366,7-1366-3-664,宰俄鼓楼,清,贵州省黔东南苗族侗族自治州从江县,古建筑,第七批,贵州省,黔东南苗族侗族自治州,从江县
2583,1367,7-1367-3-665,金勾风雨桥,清,贵州省黔东南苗族侗族自治州从江县,古建筑,第七批,贵州省,黔东南苗族侗族自治州,从江县
2584,1368,7-1368-3-666,鲁屯牌坊群,清,贵州省黔西南布依族苗族自治州兴义市,古建筑,第七批,贵州省,黔西南布依族苗族自治州,兴义市
2585,1369,7-1369-3-667,复兴江西会馆,清,贵州省遵义市赤水市,古建筑,第七批,贵州省,遵义市,赤水市
2587,1371,7-1371-3-669,可渡关驿道,秦至清,云南省曲靖市宣威市,古建筑,第七批,云南省,曲靖市,宣威市
2595,1379,7-1379-3-677,诺邓白族乡土建筑群,明至清,云南省大理白族自治州云龙县,古建筑,第七批,云南省,大理白族自治州,云龙县
2596,1380,7-1380-3-678,侬氏土司衙署,明至清,云南省文山壮族苗族自治州广南县,古建筑,第七批,云南省,文山壮族苗族自治州,广南县
2599,1383,7-1383-3-681,景风阁古建筑群,清,云南省大理白族自治州剑川县,古建筑,第七批,云南省,大理白族自治州,剑川县
2600,1384,7-1384-3-682,来鹤亭,清,云南省红河哈尼族彝族自治州石屏县,古建筑,第七批,云南省,红河哈尼族彝族自治州,石屏县
2601,1385,7-1385-3-683,云南驿古建筑群,清,云南省大理白族自治州祥云县,古建筑,第七批,云南省,大理白族自治州,祥云县
2605,1389,7-1389-3-687,星宿桥和丰裕桥,清,云南省楚雄彝族自治州禄丰县,古建筑,第七批,云南省,楚雄彝族自治州,禄丰县
2606,1390,7-1390-3-688,郑氏宗祠,清,云南省红河哈尼族彝族自治州石屏县,古建筑,第七批,云南省,红河哈尼族彝族自治州,石屏县
2607,1391,7-1391-3-689,建水朱家花园,清,云南省红河哈尼族彝族自治州建水县,古建筑,第七批,云南省,红河哈尼族彝族自治州,建水县
2609,1393,7-1393-3-691,南诏镇古建筑群,清,云南省大理白族自治州巍山彝族回族自治县,古建筑,第七批,云南省,大理白族自治州,巍山彝族回族自治县
2616,1400,7-1400-3-698,拉让宁巴,明,西藏自治区拉萨市城关区,古建筑,第七批,西藏自治区,拉萨市,城关区
2618,1402,7-1402-3-700,邦达仓,明至清,西藏自治区拉萨市城关区,古建筑,第七批,西藏自治区,拉萨市,城关区
2620,1404,7-1404-3-702,桑珠颇章,清,西藏自治区拉萨市城关区,古建筑,第七批,西藏自治区,拉萨市,城关区
2622,1406,7-1406-3-704,冲赛康,清,西藏自治区拉萨市城关区,古建筑,第七批,西藏自治区,拉萨市,城关区
2623,1407,7-1407-3-705,拉鲁颇章,清,西藏自治区拉萨市城关区,古建筑,第七批,西藏自治区,拉萨市,城关区
2657,1441,7-1441-3-739,骡帮会馆,清,陕西省商洛市山阳县,古建筑,第七批,陕西省,商洛市,山阳县
2658,1442,7-1442-3-740,桥上桥,清,陕西省渭南市华县,古建筑,第七批,陕西省,渭南市,临渭区
2659,1443,7-1443-3-741,瓦房店会馆群,清,陕西省安康市紫阳县,古建筑,第七批,陕西省,安康市,紫阳县
2660,1444,7-1444-3-742,毓秀桥,清,陕西省渭南市韩城市,古建筑,第七批,陕西省,渭南市,韩城市
2670,1454,7-1454-3-752,崆峒山古建筑群,宋、明至清,甘肃省平凉市崆峒区,古建筑,第七批,甘肃省,平凉市,崆峒区
2671,1455,7-1455-3-753,周旧邦木坊,明,甘肃省庆阳市庆城县,古建筑,第七批,甘肃省,庆阳市,庆城县
2672,1456,7-1456-3-754,洮州卫城,明至清,甘肃省甘南藏族自治州临潭县,古建筑,第七批,甘肃省,甘南藏族自治州,临潭县
2673,1457,7-1457-3-755,威远楼,明至清,甘肃省定西市陇西县,古建筑,第七批,甘肃省,定西市,陇西县
2674,1458,7-1458-3-756,兴隆山古建筑群,明至清,甘肃省庆阳市环县,古建筑,第七批,甘肃省,庆阳市,环县
2679,1463,7-1463-3-761,酒泉鼓楼,清,甘肃省酒泉市肃州区,古建筑,第七批,甘肃省,酒泉市,肃州区
2687,1471,7-1471-3-769,保安古屯田寨堡古建筑群,明至清,青海省黄南藏族自治州同仁县,古建筑,第七批,青海省,黄南藏族自治州,同仁县
2700,1484,7-1484-3-782,银川玉皇阁,清,宁夏回族自治区银川市兴庆区,古建筑,第七批,宁夏回族自治区,银川市,兴庆区
2708,1492,7-1492-3-790,惠远钟鼓楼,清,新疆维吾尔自治区伊犁哈萨克自治州霍城县,古建筑,第七批,新疆维吾尔自治区,伊犁哈萨克自治州,霍城县
3459,299,Ⅲ－2,地坛,明至清,北京市东城区,古建筑,第六批,北京市,北京市,东城区
3460,300,Ⅲ－3,德胜门箭楼,明至清,北京市西城区,古建筑,第六批,北京市,北京市,西城区
3461,301,Ⅲ－4,月坛,明至清,北京市西城区,古建筑,第六批,北京市,北京市,海淀区
3462,302,Ⅲ－5,中南海,明至清,北京市西城区,古建筑,第六批,北京市,北京市,西城区
3464,304,Ⅲ－7,日坛,明至清,北京市朝阳区,古建筑,第六批,北京市,北京市,东城区
3465,305,Ⅲ－8,静明园,清,北京市海淀区,古建筑,第六批,北京市,北京市,海淀区
3466,306,Ⅲ－9,健锐营演武厅,清,北京市海淀区,古建筑,第六批,北京市,北京市,海淀区
3469,309,Ⅲ－12,醇亲王府,清,北京市西城区,古建筑,第六批,北京市,北京市,西城区
3472,312,Ⅲ－15,爨底下村古建筑群,清,北京市门头沟区,古建筑,第六批,北京市,北京市,门头沟区
3473,313,Ⅲ－16,安徽会馆,清,北京市宣武区,古建筑,第六批,北京市,北京市,西城区
3475,315,Ⅲ－18,石家大院,清,天津市西青区,古建筑,第六批,天津市,天津市,西青区
3490,330,Ⅲ－33,井陉古驿道,明至清,河北省井陉县,古建筑,第六批,河北省,石家庄市,井陉县
3492,332,Ⅲ－35,永济桥,明至清,河北省涿州市,古建筑,第六批,河北省,保定市,涿州市
3493,333,Ⅲ－36,西古堡,明至清,河北省蔚县,古建筑,第六批,山西省,大同市,广灵县
3499,339,Ⅲ－42,常平仓,明,河北省蔚县,古建筑,第六批,河北省,张家口市,蔚县
3501,341,Ⅲ－44,单桥,明,河北省献县,古建筑,第六批,河北省,沧州市,献县
3502,342,Ⅲ－45,弘济桥,明,河北省永年县,古建筑,第六批,河北省,邯郸市,永年县
3503,343,Ⅲ－46,永年城,明,河北省永年县,古建筑,第六批,河北省,邯郸市,永年县
3504,344,Ⅲ－47,纸坊玉皇阁,明,河北省邯郸市,古建筑,第六批,河北省,邯郸市,复兴区
3507,347,Ⅲ－50,伍仁桥,明,河北省安国市,古建筑,第六批,河北省,保定市,安国市
3508,348,Ⅲ－51,万全右卫城,明,河北省万全县,古建筑,第六批,河北省,张家口市,万全县
3509,349,Ⅲ－52,洗马林玉皇阁,明,河北省万全县,古建筑,第六批,河北省,张家口市,万全县
3510,350,Ⅲ－53,金门闸,清,河北省涿州市,古建筑,第六批,北京市,北京市,丰台区
3511,351,Ⅲ－54,大慈阁,清,河北省保定市,古建筑,第六批,河北省,保定市,新市区
3515,355,Ⅲ－58,老君洞,唐至明,山西省浮山县,古建筑,第六批,山西省,临汾市,浮山县
3525,365,Ⅲ－68,张壁古堡,宋至清,山西省介休市,古建筑,第六批,山西省,晋中市,介休市
3544,384,Ⅲ－87,汾城古建筑群,金至清,山西省襄汾县,古建筑,第六批,山西省,临汾市,襄汾县
3573,413,Ⅲ－116,夏禹神祠,元至清,山西省平顺县,古建筑,第六批,山西省,长治市,平顺县
3607,447,Ⅲ－150,碛口古建筑群,明至清,山西省临县,古建筑,第六批,山西省,吕梁市,临县
3609,449,Ⅲ－152,尧陵,明至清,山西省临汾市,古建筑,第六批,山西省,临汾市,尧都区
3611,451,Ⅲ－154,柳氏民居,明至清,山西省沁水县,古建筑,第六批,山西省,晋城市,沁水县
3612,452,Ⅲ－155,湘峪古堡,明至清,山西省沁水县,古建筑,第六批,山西省,晋城市,沁水县
3613,453,Ⅲ－156,郭壁村古建筑群,明至清,山西省沁水县,古建筑,第六批,山西省,晋城市,沁水县
3614,454,Ⅲ－157,窦庄古建筑群,明至清,山西省沁水县,古建筑,第六批,山西省,晋城市,沁水县
3619,459,Ⅲ－162,王家大院,明至清,山西省灵石县,古建筑,第六批,山西省,晋中市,灵石县
3620,460,Ⅲ－163,郭峪村古建筑群,明至清,山西省阳城县,古建筑,第六批,山西省,晋城市,阳城县
3623,463,Ⅲ－166,曹家大院,明至清,山西省太谷县,古建筑,第六批,山西省,晋中市,太谷县
3629,469,Ⅲ－172,董封戏台,明,山西省绛县,古建筑,第六批,山西省,运城市,绛县
3631,471,Ⅲ－174,砥洎城,明,山西省阳城县,古建筑,第六批,山西省,晋城市,阳城县
3633,473,Ⅲ－176,广武城,明,山西省山阴县,古建筑,第六批,山西省,朔州市,山阴县
3634,474,Ⅲ－177,潞安府衙,明,山西省长治市,古建筑,第六批,山西省,长治市,城区
3635,475,Ⅲ－178,渠家大院,清,山西省祁县,古建筑,第六批,山西省,晋中市,祁县
3636,476,Ⅲ－179,杏花村汾酒作坊,清,山西省汾阳市,古建筑,第六批,山西省,吕梁市,汾阳市
3640,480,Ⅲ－183,中阳楼,清,山西省孝义市,古建筑,第六批,山西省,吕梁市,孝义市
3641,481,Ⅲ－184,师家沟古建筑群,清,山西省汾西县,古建筑,第六批,山西省,临汾市,汾西县
3644,484,Ⅲ－187,日昇昌旧址,清,山西省平遥县,古建筑,第六批,山西省,晋中市,平遥县
3645,485,Ⅲ－188,太和岩牌楼,清,山西省介休市,古建筑,第六批,山西省,晋中市,介休市
3648,488,Ⅲ－191,大召,明至清,内蒙古自治区呼和浩特市,古建筑,第六批,内蒙古自治区,呼和浩特市,玉泉区
3649,489,Ⅲ－192,绥远城墙和将军衙署,清,内蒙古自治区呼和浩特市,古建筑,第六批,内蒙古自治区,呼和浩特市,新城区
3651,491,Ⅲ－194,定远营,清,内蒙古自治区阿拉善左旗,古建筑,第六批,内蒙古自治区,阿拉善盟,阿拉善左旗
3653,493,Ⅲ－196,诺尔古建筑群,清,内蒙古自治区多伦县,古建筑,第六批,内蒙古自治区,锡林郭勒盟,多伦县
3655,495,Ⅲ－198,僧格林沁王府,清,内蒙古自治区科尔沁左翼后旗,古建筑,第六批,内蒙古自治区,通辽市,科尔沁左翼后旗
3658,498,Ⅲ－201,中前所城,明至清,辽宁省绥中县,古建筑,第六批,辽宁省,葫芦岛市,绥中县
3659,499,Ⅲ－202,广宁城,明,辽宁省北宁市,古建筑,第六批,辽宁省,沈阳市,辽中县
3663,503,Ⅲ－206,牡丹江边墙,唐至金,黑龙江省牡丹江市、宁安市,古建筑,第六批,黑龙江省,牡丹江市,宁安市
3666,506,Ⅲ－209,洪泽湖大堤,汉至清,江苏省淮安市、洪泽县,古建筑,第六批,江苏省,淮安市,洪泽县
3668,508,Ⅲ－211,沧浪亭,元至清,江苏省苏州市,古建筑,第六批,江苏省,苏州市,姑苏区
3675,515,Ⅲ－218,太仓石拱桥,元,江苏省太仓市,古建筑,第六批,江苏省,苏州市,太仓市
3676,516,Ⅲ－219,盘门,元,江苏省苏州市,古建筑,第六批,江苏省,苏州市,姑苏区
3677,517,Ⅲ－220,狮子林,元,江苏省苏州市,古建筑,第六批,江苏省,苏州市,姑苏区
3682,522,Ⅲ－225,瞻园,明至清,江苏省南京市,古建筑,第六批,江苏省,南京市,秦淮区
3684,524,Ⅲ－227,东林书院,明至清,江苏省无锡市,古建筑,第六批,江苏省,无锡市,崇安区
3686,526,Ⅲ－229,赵用贤宅,明,江苏省常熟市,古建筑,第六批,江苏省,苏州市,常熟市
3687,527,Ⅲ－230,张溥宅第,明,江苏省太仓市,古建筑,第六批,江苏省,苏州市,太仓市
3688,528,Ⅲ－231,东山民居,明,江苏省苏州市,古建筑,第六批,江苏省,苏州市,吴中区
3689,529,Ⅲ－232,艺圃,明,江苏省苏州市,古建筑,第六批,江苏省,苏州市,姑苏区
3690,530,Ⅲ－233,全晋会馆,清,江苏省苏州市,古建筑,第六批,江苏省,苏州市,姑苏区
3691,531,Ⅲ－234,淮安府衙,清,江苏省淮安市,古建筑,第六批,江苏省,淮安市,清河区
3694,534,Ⅲ－237,吴氏宅第,清,江苏省扬州市,古建筑,第六批,江苏省,扬州市,广陵区
3696,536,Ⅲ－239,小盘谷,清,江苏省扬州市,古建筑,第六批,江苏省,扬州市,广陵区
3697,537,Ⅲ－240,高邮当铺,清,江苏省高邮市,古建筑,第六批,江苏省,扬州市,高邮市
3698,538,Ⅲ－241,甘熙宅第,清,江苏省南京市,古建筑,第六批,江苏省,南京市,秦淮区
3700,540,Ⅲ－243,独松关和古驿道,宋至清,浙江省安吉县,古建筑,第六批,浙江省,湖州市,安吉县
3701,541,Ⅲ－244,新河闸桥群,宋至清,浙江省温岭市,古建筑,第六批,浙江省,台州市,温岭市
3703,543,Ⅲ－246,寿昌桥,宋,浙江省德清县,古建筑,第六批,浙江省,湖州市,德清县
3704,544,Ⅲ－247,赤溪五洞桥,宋,浙江省苍南县,古建筑,第六批,浙江省,温州市,苍南县
3709,549,Ⅲ－252,芙蓉村古建筑群,明至清,浙江省永嘉县,古建筑,第六批,浙江省,温州市,永嘉县
3710,550,Ⅲ－253,衢州城墙,明至清,浙江省衢州市,古建筑,第六批,浙江省,衢州市,柯城区
3711,551,Ⅲ－254,安城城墙,明至清,浙江省安吉县,古建筑,第六批,浙江省,湖州市,安吉县
3713,553,Ⅲ－256,慈城古建筑群,明至清,浙江省宁波市,古建筑,第六批,浙江省,宁波市,江北区
3715,555,Ⅲ－258,王守仁故居和墓,明,浙江省余姚市、绍兴县,古建筑,第六批,浙江省,宁波市,余姚市
3716,556,Ⅲ－259,青藤书屋和徐渭墓,明,浙江省绍兴市、绍兴县,古建筑,第六批,浙江省,绍兴市,越城区
3718,558,Ⅲ－261,泰顺廊桥,清,浙江省泰顺县,古建筑,第六批,浙江省,温州市,泰顺县
3719,559,Ⅲ－262,仕水矴步,清,浙江省泰顺县,古建筑,第六批,浙江省,温州市,泰顺县
3720,560,Ⅲ－263,玉山古茶场,清,浙江省磐安县,古建筑,第六批,浙江省,金华市,磐安县
3722,562,Ⅲ－265,崇仁村建筑群,清,浙江省嵊州市,古建筑,第六批,浙江省,绍兴市,嵊州市
3723,563,Ⅲ－266,三卿口制瓷作坊,清,浙江省江山市,古建筑,第六批,浙江省,衢州市,江山市
3724,564,Ⅲ－267,顺溪古建筑群,清,浙江省平阳县,古建筑,第六批,浙江省,温州市,平阳县
3725,565,Ⅲ－268,莫氏庄园,清,浙江省平湖市,古建筑,第六批,浙江省,嘉兴市,平湖市
3729,569,Ⅲ－272,祁门古戏台,明至清,安徽省祁门县,古建筑,第六批,安徽省,黄山市,祁门县
3730,570,Ⅲ－273,南屏村古建筑群,明至清,安徽省黟县,古建筑,第六批,安徽省,黄山市,黟县
3731,571,Ⅲ－274,江村古建筑群,明至清,安徽省旌德县,古建筑,第六批,安徽省,宣城市,旌德县
3734,574,Ⅲ－277,郑氏宗祠,明,安徽省歙县,古建筑,第六批,安徽省,黄山市,歙县
3735,575,Ⅲ－278,竹山书院,清,安徽省歙县,古建筑,第六批,安徽省,黄山市,歙县
3736,576,Ⅲ－279,黄田村古建筑群,清,安徽省泾县,古建筑,第六批,安徽省,宣城市,泾县
3737,577,Ⅲ－280,世太史第,清,安徽省安庆市,古建筑,第六批,安徽省,安庆市,迎江区
3738,578,Ⅲ－281,镇海堤,唐至清,福建省莆田市,古建筑,第六批,福建省,莆田市,荔城区
3739,579,Ⅲ－282,名山室,宋至元,福建省永泰县,古建筑,第六批,福建省,福州市,永泰县
3740,580,Ⅲ－283,泉州港古建筑,宋至元,福建省泉州市、石狮市,古建筑,第六批,福建省,泉州市,石狮市
3744,584,Ⅲ－287,培田村古建筑群,明至清,福建省连城县,古建筑,第六批,福建省,龙岩市,连城县
3748,588,Ⅲ－291,漳州林氏宗祠,明,福建省漳州市,古建筑,第六批,福建省,漳州市,芗城区
3751,591,Ⅲ－294,陈埭丁氏宗祠,明,福建省晋江市,古建筑,第六批,福建省,泉州市,晋江市
3753,593,Ⅲ－296,闽东北廊桥,清,福建省屏南县、寿宁县、柘荣县、古田县、武夷山市,古建筑,第六批,福建省,宁德市,屏南县
3756,596,Ⅲ－299,施琅宅、祠和墓,清,福建省晋江市、惠安县,古建筑,第六批,福建省,泉州市,晋江市
3758,598,Ⅲ－301,林氏义庄,清,福建省龙海市,古建筑,第六批,福建省,漳州市,龙海市
3764,604,Ⅲ－307,鸣水桥,宋,江西省樟树市,古建筑,第六批,江西省,宜春市,樟树市
3765,605,Ⅲ－308,清华彩虹桥,宋至清,江西省婺源县,古建筑,第六批,江西省,上饶市,婺源县
3766,606,Ⅲ－309,袁州谯楼,宋至清,江西省宜春市,古建筑,第六批,江西省,宜春市,袁州区
3767,607,Ⅲ－310,鹅湖书院,明至清,江西省铅山县,古建筑,第六批,江西省,上饶市,铅山县
3768,608,Ⅲ－311,婺源宗祠,明至清,江西省婺源县,古建筑,第六批,江西省,上饶市,婺源县
3769,609,Ⅲ－312,理坑村民居,明至清,江西省婺源县,古建筑,第六批,江西省,上饶市,婺源县
3770,610,Ⅲ－313,梅关和古驿道,明,江西省大余县,古建筑,第六批,江西省,赣州市,大余县
3771,611,Ⅲ－314,陈氏牌坊,明,江西省进贤县,古建筑,第六批,江西省,南昌市,进贤县
3772,612,Ⅲ－315,青云谱,清,江西省南昌市,古建筑,第六批,江西省,南昌市,青云谱区
3773,613,Ⅲ－316,卞桥,唐至金,山东省泗水县,古建筑,第六批,山东省,济宁市,泗水县
3775,615,Ⅲ－318,颜文姜祠,元至清,山东省淄博市,古建筑,第六批,山东省,淄博市,博山区
3776,616,Ⅲ－319,泰山古建筑群,明至清,山东省泰安市,古建筑,第六批,山东省,泰安市,泰山区
3780,620,Ⅲ－323,蒲松龄故宅,清,山东省淄博市,古建筑,第六批,山东省,淄博市,淄川区
3782,622,Ⅲ－325,三苏祠和墓,宋至清,河南省郏县,古建筑,第六批,河南省,平顶山市,郏县
3787,627,Ⅲ－330,两程故里,宋至明,河南省嵩县,古建筑,第六批,河南省,洛阳市,嵩县
3797,637,Ⅲ－340,叶县县衙,明至清,河南省叶县,古建筑,第六批,河南省,平顶山市,叶县
3799,639,Ⅲ－342,关林,明至清,河南省洛阳市,古建筑,第六批,河南省,洛阳市,洛龙区
3805,645,Ⅲ－348,望京楼,明,河南省卫辉市,古建筑,第六批,河南省,新乡市,卫辉市
3811,651,Ⅲ－354,洛阳山陕会馆,清,河南省洛阳市,古建筑,第六批,河南省,洛阳市,老城区
3815,655,Ⅲ－358,陈元光祖祠,清,河南省固始县,古建筑,第六批,河南省,信阳市,固始县
3820,660,Ⅲ－363,鱼木寨,明至清,湖北省利川市,古建筑,第六批,湖北省,恩施土家族苗族自治州,利川市
3826,666,Ⅲ－369,武当山建筑群,明,湖北省十堰市、丹江口市,古建筑,第六批,湖北省,武汉市,汉阳区
3827,667,Ⅲ－370,凤凰山古建筑群,清,湖北省秭归县,古建筑,第六批,湖北省,宜昌市,秭归县
3828,668,Ⅲ－371,米公祠,清,湖北省襄樊市,古建筑,第六批,湖北省,襄阳市,樊城区
3829,669,Ⅲ－372,陡山吴氏祠,清,湖北省红安县,古建筑,第六批,湖北省,黄冈市,红安县
3830,670,Ⅲ－373,上甘棠村古建筑群,明至清,湖南省江永县,古建筑,第六批,湖南省,永州市,江永县
3831,671,Ⅲ－374,高椅村古建筑群,明至清,湖南省会同县,古建筑,第六批,湖南省,怀化市,会同县
3832,672,Ⅲ－375,桃花源古建筑群,明至清,湖南省桃源县,古建筑,第六批,湖南省,常德市,桃源县
3835,675,Ⅲ－378,坪坦风雨桥,清,湖南省通道侗族自治县,古建筑,第六批,湖南省,怀化市,通道侗族自治县
3836,676,Ⅲ－379,蔡侯祠,清,湖南省耒阳市,古建筑,第六批,湖南省,衡阳市,耒阳市
3837,677,Ⅲ－380,余家碑坊,清,湖南省澧县,古建筑,第六批,湖南省,常德市,澧县
3838,678,Ⅲ－381,凤凰古城堡,清,湖南省凤凰县,古建筑,第六批,湖南省,湘西土家族苗族自治州,凤凰县
3842,682,Ⅲ－385,广裕祠,明至清,广东省从化市,古建筑,第六批,广东省,广州市,从化市
3843,683,Ⅲ－386,南社村和塘尾村古建筑群,明至清,广东省东莞市,古建筑,第六批,广东省,东莞市,东莞市市辖区
3844,684,Ⅲ－387,韩文公祠,明至清,广东省潮州市,古建筑,第六批,广东省,潮州市,湘桥区
3845,685,Ⅲ－388,道韵楼,明,广东省饶平县,古建筑,第六批,广东省,潮州市,饶平县
3846,686,Ⅲ－389,从熙公祠,清,广东省潮安县,古建筑,第六批,广东省,潮州市,湘桥区
3847,687,Ⅲ－390,陈芳家宅,清,广东省珠海市,古建筑,第六批,广东省,珠海市,香洲区
3850,690,Ⅲ－393,燕窝楼,明至清,广西壮族自治区全州县,古建筑,第六批,广西壮族自治区,桂林市,全州县
3851,691,Ⅲ－394,恭城古建筑群,明至清,广西壮族自治区恭城瑶族自治县,古建筑,第六批,广西壮族自治区,桂林市,恭城瑶族自治县
3852,692,Ⅲ－395,白帝城,明至清,重庆市奉节县,古建筑,第六批,重庆市,重庆市,奉节县
3853,693,Ⅲ－396,湖广会馆,清,重庆市渝中区,古建筑,第六批,重庆市,重庆市,渝中区
3854,694,Ⅲ－397,李业阙,汉,四川省梓潼县,古建筑,第六批,四川省,绵阳市,梓潼县
3855,695,Ⅲ－398,杨公阙,汉至宋,四川省夹江县,古建筑,第六批,四川省,乐山市,夹江县
3857,697,Ⅲ－400,丹巴古碉群,唐至清,四川省丹巴县,古建筑,第六批,四川省,甘孜藏族自治州,丹巴县
3864,704,Ⅲ－407,平襄楼,元,四川省芦山县,古建筑,第六批,四川省,雅安市,芦山县
3867,707,Ⅲ－410,日斯满巴碉房,元至明,四川省壤塘县,古建筑,第六批,四川省,阿坝藏族羌族自治州,壤塘县
3875,715,Ⅲ－418,松格嘛呢石经城和巴格嘛呢石经墙,明至清,四川省石渠县,古建筑,第六批,四川省,甘孜藏族自治州,石渠县
3876,716,Ⅲ－419,隘口石坊,清,四川省珙县,古建筑,第六批,四川省,宜宾市,珙县
3877,717,Ⅲ－420,望江楼古建筑群,清,四川省成都市,古建筑,第六批,四川省,成都市,武侯区
3878,718,Ⅲ－421,洛带会馆,清,四川省成都市,古建筑,第六批,四川省,成都市,龙泉驿区
3879,719,Ⅲ－422,春秋祠,清,四川省叙永县,古建筑,第六批,四川省,泸州市,叙永县
3880,720,Ⅲ－423,波日桥,清,四川省新龙县,古建筑,第六批,四川省,甘孜藏族自治州,新龙县
3881,721,Ⅲ－424,庞统祠墓,清,四川省罗江县,古建筑,第六批,四川省,德阳市,罗江县
3882,722,Ⅲ－425,三苏祠,清,四川省眉山市,古建筑,第六批,四川省,眉山市,东坡区
3883,723,Ⅲ－426,开江牌坊,清,四川省开江县,古建筑,第六批,四川省,达州市,开江县
3884,724,Ⅲ－427,双堡牌坊,清,四川省仁寿县,古建筑,第六批,四川省,眉山市,仁寿县
3886,726,Ⅲ－429,陈子昂读书台,清,四川省射洪县,古建筑,第六批,四川省,遂宁市,射洪县
3888,728,Ⅲ－431,织金古建筑群,元至清,贵州省织金县,古建筑,第六批,贵州省,毕节市,织金县
3889,729,Ⅲ－432,马头寨古建筑群,元至清,贵州省开阳县,古建筑,第六批,贵州省,贵阳市,开阳县
3890,730,Ⅲ－433,东山古建筑群,明至清,贵州省铜仁市,古建筑,第六批,贵州省,铜仁市,碧江区
3891,731,Ⅲ－434,阳明洞和阳明祠,明至清,贵州省修文县、贵阳市,古建筑,第六批,贵州省,贵阳市,修文县
3892,732,Ⅲ－435,寨英村古建筑群,明至清,贵州省松桃苗族自治县,古建筑,第六批,贵州省,铜仁市,松桃苗族自治县
3893,733,Ⅲ－436,思唐古建筑群,明至清,贵州省思南县,古建筑,第六批,贵州省,铜仁市,思南县
3894,734,Ⅲ－437,飞云崖古建筑群,明至清,贵州省黄平县,古建筑,第六批,贵州省,黔东南苗族侗族自治州,黄平县
3895,735,Ⅲ－438,旧州古建筑群,明至清,贵州省黄平县,古建筑,第六批,贵州省,黔东南苗族侗族自治州,黄平县
3896,736,Ⅲ－439,文昌阁和甲秀楼,明,贵州省贵阳市,古建筑,第六批,贵州省,贵阳市,南明区
3897,737,Ⅲ－440,葛镜桥,明,贵州省福泉市,古建筑,第六批,贵州省,黔南布依族苗族自治州,福泉市
3905,745,Ⅲ－448,宝山石头城,元,云南省玉龙纳西族自治县,古建筑,第六批,云南省,丽江市,玉龙纳西族自治县
3909,749,Ⅲ－452,黑龙潭古建筑群,明至清,云南省丽江市,古建筑,第六批,云南省,丽江市,古城区
3911,751,Ⅲ－454,保山玉皇阁,明,云南省保山市,古建筑,第六批,云南省,保山市,隆阳区
3912,752,Ⅲ－455,朝阳楼,明,云南省建水县,古建筑,第六批,云南省,红河哈尼族彝族自治州,建水县
3913,753,Ⅲ－456,西门街古建筑群,明,云南省剑川县,古建筑,第六批,云南省,大理白族自治州,剑川县
3915,755,Ⅲ－458,金龙桥,清,云南省丽江市,古建筑,第六批,云南省,丽江市,古城区
3916,756,Ⅲ－459,孟连宣抚司署,清,云南省孟连傣族拉祜族佤族自治县,古建筑,第六批,云南省,普洱市,孟连傣族拉祜族佤族自治县
3918,758,Ⅲ－461,双龙桥,清,云南省建水县,古建筑,第六批,云南省,红河哈尼族彝族自治州,建水县
3919,759,Ⅲ－462,长春洞,清,云南省巍山彝族回族自治县,古建筑,第六批,云南省,大理白族自治州,巍山彝族回族自治县
3921,761,Ⅲ－464,会泽会馆,清,云南省会泽县,古建筑,第六批,云南省,曲靖市,会泽县
3923,763,Ⅲ－466,聂塘卓玛拉康,宋,西藏自治区曲水县,古建筑,第六批,西藏自治区,拉萨市,曲水县
3928,768,Ⅲ－471,康松桑卡林,清,西藏自治区扎囊县,古建筑,第六批,西藏自治区,山南地区,扎囊县
3941,781,Ⅲ－484,五门堰,元,陕西省城固县,古建筑,第六批,陕西省,汉中市,城固县
3942,782,Ⅲ－485,吴堡石城,明至清,陕西省吴堡县,古建筑,第六批,陕西省,榆林市,吴堡县
3944,784,Ⅲ－487,榆林卫城,明至清,陕西省榆林市,古建筑,第六批,陕西省,榆林市,榆阳区
3951,791,Ⅲ－494,盘龙山古建筑群,明,陕西省米脂县,古建筑,第六批,陕西省,榆林市,米脂县
3952,792,Ⅲ－495,姜氏庄园,清,陕西省米脂县,古建筑,第六批,陕西省,榆林市,米脂县
3953,793,Ⅲ－496,丰图义仓,清,陕西省大荔县,古建筑,第六批,陕西省,渭南市,大荔县
3959,799,Ⅲ－502,张掖鼓楼,明至清,甘肃省张掖市,古建筑,第六批,甘肃省,张掖市,甘州区
3961,801,Ⅲ－504,罗川赵氏石坊,明,甘肃省正宁县,古建筑,第六批,甘肃省,庆阳市,正宁县
3962,802,Ⅲ－505,永昌钟鼓楼,明,甘肃省永昌县,古建筑,第六批,甘肃省,金昌市,永昌县
3964,804,Ⅲ－507,张掖会馆,清,甘肃省张掖市,古建筑,第六批,甘肃省,张掖市,甘州区
3968,808,Ⅲ－511,董府,清,宁夏回族自治区吴忠市,古建筑,第六批,宁夏回族自治区,吴忠市,青铜峡市
3970,810,Ⅲ－513,京杭大运河,春秋至清,北京市、天津市、河北省、山东省、江苏省、浙江省,古建筑,第六批,江苏省,常州市,钟楼区
4270,29,14,皇史城,明,北京市 ,古建筑,第二批,北京市,北京市,西城区
4272,31,16,天一阁,明至清,浙江省宁波市 ,古建筑,第二批,浙江省,宁波市,海曙区
4274,33,18,经略台真武阁,明,广西壮族自治区容县 ,古建筑,第二批,广西壮族自治区,玉林市,容县
4276,35,20,北京市城东南角楼,明,北京市 ,古建筑,第二批,北京市,北京市,东城区
4277,36,21,都江堰,秦至清,四川省灌县 ,古建筑,第二批,四川省,成都市,都江堰市
4278,37,22,蓬莱水城及蓬莱阁,明,山东省蓬莱县 ,古建筑,第二批,山东省,烟台市,蓬莱市
4280,39,24,豫园,明至清,上海市 ,古建筑,第二批,上海市,上海市,黄浦区
4281,40,25,恭王府及花园,清,北京市 ,古建筑,第二批,北京市,北京市,西城区
4282,41,26,网师园,清,江苏省苏州市姑苏区,古建筑,第二批,江苏省,苏州市,姑苏区
4506,203,8-0203-3-006,邢台清风楼,明,河北省邢台市桥东区,古建筑,第八批,河北省,邢台市,桥东区
4507,204,8-0204-3-007,正定梁氏宗祠,明,河北省正定县,古建筑,第八批,河北省,石家庄市,正定县
4514,211,8-0211-3-014,原平普济桥,金,山西省原平市,古建筑,第八批,山西省,忻州市,原平市
4523,220,8-0220-3-023,武乡福源院,元至清,山西省武乡县,古建筑,第八批,山西省,长治市,武乡县
4529,226,8-0226-3-029,祁县镇河楼,明,山西省祁县,古建筑,第八批,山西省,晋中市,祁县
4530,227,8-0227-3-030,大武鼓楼,明,山西省方山县,古建筑,第八批,山西省,吕梁市,方山县
4538,235,8-0235-3-038,大同鼓楼,明,山西省大同市平城区,古建筑,第八批,山西省,大同市,南郊区
4541,238,8-0238-3-041,董村戏台,明,山西省永济市,古建筑,第八批,山西省,运城市,永济市
4547,244,8-0244-3-047,霍州鼓楼,明清,山西省霍州市,古建筑,第八批,山西省,临汾市,霍州市
4548,245,8-0245-3-048,东姚温牌坊,明清,山西省永济市,古建筑,第八批,山西省,运城市,永济市
4556,253,8-0253-3-056,于成龙故居,清,山西省方山县,古建筑,第八批,山西省,吕梁市,方山县
4557,254,8-0254-3-057,阳武朱氏牌楼,清,山西省原平市,古建筑,第八批,山西省,忻州市,原平市
4558,255,8-0255-3-058,阮氏双碑楼,清,山西省河津市,古建筑,第八批,山西省,运城市,河津市
4559,256,8-0256-3-059,解州同善义仓,清,山西省运城市盐湖区,古建筑,第八批,山西省,运城市,盐湖区
4560,257,8-0257-3-060,曲沃薛家大院,清,山西省曲沃县,古建筑,第八批,山西省,临汾市,曲沃县
4561,258,8-0258-3-061,怀覃会馆,清,山西省晋城市城区,古建筑,第八批,山西省,晋城市,城区
4563,260,8-0260-3-063,昆都仑召,清,内蒙古自治区包头市昆都仑区,古建筑,第八批,内蒙古自治区,包头市,昆都仑区
4566,263,8-0263-3-066,永安石桥,清,辽宁省沈阳市于洪区,古建筑,第八批,辽宁省,沈阳市,于洪区
4567,264,8-0264-3-067,垂虹断桥,元明,江苏省苏州市吴江区,古建筑,第八批,江苏省,苏州市,吴江区
4569,266,8-0266-3-069,常熟言子祠,明,江苏省常熟市,古建筑,第八批,江苏省,苏州市,常熟市
4570,267,8-0267-3-070,洑溪徐氏宗祠,明,江苏省宜兴市,古建筑,第八批,江苏省,无锡市,宜兴市
4571,268,8-0268-3-071,南京鼓楼,明清,江苏省南京市鼓楼区,古建筑,第八批,江苏省,南京市,鼓楼区
4574,271,8-0271-3-074,荡口华氏老义庄,清,江苏省无锡市锡山区,古建筑,第八批,江苏省,无锡市,锡山区
4577,274,8-0274-3-077,杭州忠义桥,南宋,浙江省杭州市西湖区,古建筑,第八批,浙江省,杭州市,西湖区
4580,277,8-0277-3-080,南渡广济桥,元、清,浙江省宁波市奉化区,古建筑,第八批,浙江省,宁波市,奉化市
4581,278,8-0278-3-081,詹宝兄弟牌坊,明,浙江省松阳县,古建筑,第八批,浙江省,丽水市,松阳县
4583,280,8-0280-3-083,独山石牌坊,明,浙江省遂昌县,古建筑,第八批,浙江省,丽水市,遂昌县
4584,281,8-0281-3-084,湖州潮音桥,明,浙江省湖州市吴兴区,古建筑,第八批,浙江省,湖州市,吴兴区
4585,282,8-0282-3-085,林应麒功德牌坊,明,浙江省仙居县,古建筑,第八批,浙江省,台州市,仙居县
4586,283,8-0283-3-086,紫薇山民居,明清,浙江省东阳市,古建筑,第八批,浙江省,金华市,东阳市
4587,284,8-0284-3-087,石楠塘徐氏宗祠,明清,浙江省金华市婺城区,古建筑,第八批,浙江省,金华市,婺城区
4590,287,8-0287-3-090,吴文简祠,清,浙江省庆元县,古建筑,第八批,浙江省,丽水市,庆元县
4591,288,8-0288-3-091,下柏石陈大宗祠,清,浙江省永康市,古建筑,第八批,浙江省,金华市,永康市
4592,289,8-0289-3-092,余姚通济桥,清,浙江省余姚市,古建筑,第八批,浙江省,宁波市,余姚市
4593,290,8-0290-3-093,金清大桥,清,浙江省温岭市,古建筑,第八批,浙江省,台州市,温岭市
4595,292,8-0292-3-095,兰溪通洲桥,清,浙江省兰溪市,古建筑,第八批,浙江省,金华市,兰溪市
4596,293,8-0293-3-096,雅端村古建筑群,清,浙江省义乌市,古建筑,第八批,浙江省,金华市,金东区
4597,294,8-0294-3-097,塘下方大宗祠,清,浙江省义乌市,古建筑,第八批,浙江省,金华市,义乌市
4598,295,8-0295-3-098,椒江戚继光祠,清,浙江省台州市椒江区,古建筑,第八批,浙江省,台州市,椒江区
4599,296,8-0296-3-099,东阳白坦民宅,清,浙江省东阳市,古建筑,第八批,浙江省,金华市,东阳市
4604,301,8-0301-3-104,池河太平桥,明清,安徽省定远县,古建筑,第八批,安徽省,滁州市,定远县
4606,303,8-0303-3-106,三阳洪氏宗祠,明清,安徽省歙县,古建筑,第八批,安徽省,黄山市,歙县
4607,304,8-0304-3-107,屯溪镇海桥,明清,安徽省黄山市屯溪区,古建筑,第八批,安徽省,黄山市,屯溪区
4608,305,8-0305-3-108,石潭吴氏宗祠,明清,安徽省歙县,古建筑,第八批,安徽省,黄山市,歙县
4609,306,8-0306-3-109,蜀源牌坊群,明清,安徽省黄山市徽州区,古建筑,第八批,安徽省,黄山市,徽州区
4611,308,8-0308-3-111,稠墅牌坊群,明清,安徽省歙县,古建筑,第八批,安徽省,黄山市,歙县
4613,310,8-0310-3-113,歙县太平桥,明清,安徽省歙县,古建筑,第八批,安徽省,黄山市,歙县
4614,311,8-0311-3-114,巴慰祖宅,明清,安徽省歙县,古建筑,第八批,安徽省,黄山市,歙县
4616,313,8-0313-3-116,唐模檀干园,清,安徽省黄山市徽州区,古建筑,第八批,安徽省,黄山市,徽州区
4618,315,8-0315-3-118,歙县鲍氏宗祠,清,安徽省歙县,古建筑,第八批,安徽省,黄山市,歙县
4619,316,8-0316-3-119,休宁登封桥,清,安徽省休宁县,古建筑,第八批,安徽省,黄山市,休宁县
4621,318,8-0318-3-121,大阜潘氏宗祠,清,安徽省歙县,古建筑,第八批,安徽省,黄山市,歙县
4622,319,8-0319-3-122,泾县张氏宗祠,清,安徽省泾县,古建筑,第八批,安徽省,宣城市,泾县
4623,320,8-0320-3-123,昌溪太湖祠,清,安徽省歙县,古建筑,第八批,安徽省,黄山市,歙县
4627,324,8-0324-3-127,建瓯值庆桥,明,福建省建瓯市,古建筑,第八批,福建省,南平市,建瓯市
4628,325,8-0325-3-128,安溪土楼,明清,福建省安溪县,古建筑,第八批,福建省,泉州市,安溪县
4629,326,8-0326-3-129,黄道周讲学处,明清,福建省漳浦县,古建筑,第八批,福建省,漳州市,漳浦县
4630,327,8-0327-3-130,芷溪宗祠建筑,清,福建省连城县,古建筑,第八批,福建省,龙岩市,连城县
4632,329,8-0329-3-132,泉港土坑村古建筑群,清,福建省泉州市泉港区,古建筑,第八批,福建省,泉州市,泉港区
4633,330,8-0330-3-133,坂埔古厝,清,福建省南安市,古建筑,第八批,福建省,泉州市,南安市
4635,332,8-0332-3-135,永泰庄寨建筑群,清,福建省永泰县,古建筑,第八批,福建省,福州市,永泰县
4636,333,8-0333-3-136,采陔公祠,清,福建省连城县,古建筑,第八批,福建省,龙岩市,连城县
4637,334,8-0334-3-137,水美土堡群,清,福建省沙县,古建筑,第八批,福建省,三明市,沙县
4639,336,8-0336-3-139,福寿沟,北宋,江西省赣州市章贡区,古建筑,第八批,江西省,赣州市,章贡区
4641,338,8-0338-3-141,大司马牌坊,明,江西省宜黄县,古建筑,第八批,江西省,抚州市,宜黄县
4642,339,8-0339-3-142,龙南乌石围,明,江西省龙南县,古建筑,第八批,江西省,赣州市,龙南县
4643,340,8-0340-3-143,济美石坊,明,江西省奉新县,古建筑,第八批,江西省,宜春市,奉新县
4644,341,8-0341-3-144,棠阴古建筑群,明清,江西省宜黄县,古建筑,第八批,江西省,抚州市,宜黄县
4645,342,8-0342-3-145,官溪胡氏宗祠,明清,江西省玉山县,古建筑,第八批,江西省,上饶市,玉山县
4646,343,8-0343-3-146,十都王家大屋,清,江西省上饶市广丰区,古建筑,第八批,江西省,上饶市,广丰县
4647,344,8-0344-3-147,奎璧联辉民宅,清,江西省广昌县,古建筑,第八批,江西省,抚州市,广昌县
4648,345,8-0345-3-148,浮梁县衙,清,江西省浮梁县,古建筑,第八批,江西省,景德镇市,昌江区
4649,346,8-0346-3-149,玉山考棚,清,江西省玉山县,古建筑,第八批,江西省,上饶市,玉山县
4653,350,8-0350-3-153,洄村古楼,明,山东省淄博市淄川区,古建筑,第八批,山东省,淄博市,淄川区
4655,352,8-0352-3-155,安阳永和桥,北宋,河南省安阳县,古建筑,第八批,河南省,安阳市,安阳县
4662,359,8-0359-3-162,汝宁石桥,明,河南省汝南县,古建筑,第八批,河南省,驻马店市,汝南县
4665,362,8-0362-3-165,龙泉澧河石桥,明,河南省叶县,古建筑,第八批,河南省,平顶山市,叶县
4668,365,8-0365-3-168,弦歌台,明清,河南省周口市淮阳区,古建筑,第八批,河南省,周口市,淮阳县
4673,370,8-0370-3-173,大程书院,清,河南省扶沟县,古建筑,第八批,河南省,周口市,扶沟县
4676,373,8-0373-3-176,怀邦会馆,清,河南省禹州市,古建筑,第八批,河南省,许昌市,禹州市
4679,376,8-0376-3-179,宜阳福昌阁,清,河南省宜阳县,古建筑,第八批,河南省,洛阳市,宜阳县
4681,378,8-0378-3-181,花洲书院,清,河南省邓州市,古建筑,第八批,河南省,南阳市,邓州市
4684,381,8-0381-3-184,高家花屋,清,湖北省竹山县,古建筑,第八批,湖北省,十堰市,竹山县
4685,382,8-0382-3-185,南边民居,清,湖北省宜昌市夷陵区,古建筑,第八批,湖北省,宜昌市,夷陵区
4689,386,8-0386-3-189,许家桥将军府,明,湖南省永州市零陵区,古建筑,第八批,湖南省,永州市,零陵区
4690,387,8-0387-3-190,板梁村古建筑群,明清,湖南省永兴县,古建筑,第八批,湖南省,郴州市,永兴县
4692,389,8-0389-3-192,湘昆古戏台,清,湖南省桂阳县,古建筑,第八批,湖南省,郴州市,桂阳县
4693,390,8-0390-3-193,杉木桥胡家大院,清,湖南省永州市零陵区,古建筑,第八批,湖南省,永州市,零陵区
4696,393,8-0393-3-196,神下李氏宗祠,清,湖南省宁远县,古建筑,第八批,湖南省,永州市,宁远县
4697,394,8-0394-3-197,澧县多安桥,清,湖南省澧县,古建筑,第八批,湖南省,常德市,澧县
4698,395,8-0395-3-198,虎溪黄氏宗祠,清,湖南省蓝山县,古建筑,第八批,湖南省,永州市,蓝山县
4699,396,8-0396-3-199,溆浦崇实书院,清,湖南省溆浦县,古建筑,第八批,湖南省,怀化市,溆浦县
4700,397,8-0397-3-200,桃树湾刘氏大屋,清,湖南省浏阳市,古建筑,第八批,湖南省,长沙市,浏阳市
4701,398,8-0398-3-201,浦市镇古建筑群,清,湖南省泸溪县,古建筑,第八批,湖南省,湘西土家族苗族自治州,泸溪县
4707,404,8-0404-3-207,联丰花萼楼,明,广东省大埔县,古建筑,第八批,广东省,梅州市,大埔县
4709,406,8-0406-3-209,陈白沙祠,明清,广东省江门市蓬江区,古建筑,第八批,广东省,江门市,蓬江区
4712,409,8-0409-3-212,大埔泰安楼,清,广东省大埔县,古建筑,第八批,广东省,梅州市,大埔县
4714,411,8-0411-3-214,龙门鹤湖围,清,广东省龙门县,古建筑,第八批,广东省,惠州市,龙门县
4715,412,8-0412-3-215,大埔光禄第,清,广东省大埔县,古建筑,第八批,广东省,梅州市,大埔县
4716,413,8-0413-3-216,桂林静江府城墙,南宋至明,广西壮族自治区桂林市叠彩区、秀峰区,古建筑,第八批,广西壮族自治区,桂林市,秀峰区
4719,416,8-0416-3-219,贺州江氏客家围屋,清,广西壮族自治区贺州市八步区,古建筑,第八批,广西壮族自治区,贺州市,八步区
4722,419,8-0419-3-222,琼山侯家大院,清,海南省海口市琼山区,古建筑,第八批,海南省,海口市,琼山区
4723,420,8-0420-3-223,溪北书院,清,海南省文昌市,古建筑,第八批,海南省,文昌市,文昌市
4724,421,8-0421-3-224,湾底谭氏民居,清,重庆市石柱土家族自治县,古建筑,第八批,重庆市,重庆市,石柱土家族自治县
4733,430,8-0430-3-233,福宝古建筑群,明清,四川省合江县,古建筑,第八批,四川省,泸州市,合江县
4735,432,8-0432-3-235,井研雷氏民居,清,四川省井研县,古建筑,第八批,四川省,乐山市,井研县
4736,433,8-0433-3-236,屏山龙氏山庄,清,四川省屏山县,古建筑,第八批,四川省,宜宾市,屏山县
4737,434,8-0434-3-237,自贡玉川公祠,清,四川省自贡市自流井区,古建筑,第八批,四川省,自贡市,自流井区
4743,440,8-0440-3-243,蒙自玉皇阁,明清,云南省蒙自市,古建筑,第八批,云南省,红河哈尼族彝族自治州,蒙自市
4745,442,8-0442-3-245,新安所古建筑群,明清,云南省蒙自市,古建筑,第八批,云南省,红河哈尼族彝族自治州,蒙自市
4746,443,8-0443-3-246,期纳古建筑群,明清,云南省永胜县,古建筑,第八批,云南省,丽江市,永胜县
4749,446,8-0446-3-249,云南提督府旧址,清,云南省大理市,古建筑,第八批,云南省,大理白族自治州,大理市
4750,447,8-0447-3-250,叶枝土司衙署,清,云南省维西傈僳族自治县,古建筑,第八批,云南省,迪庆藏族自治州,维西傈僳族自治县
4751,448,8-0448-3-251,洄澜桥阁,清,云南省石屏县,古建筑,第八批,云南省,红河哈尼族彝族自治州,石屏县
4753,450,8-0450-3-253,流浪河磨房群,清,云南省凤庆县,古建筑,第八批,云南省,临沧市,凤庆县
4755,452,8-0452-3-255,海口川字闸,清,云南省昆明市西山区,古建筑,第八批,云南省,昆明市,西山区
4756,453,8-0453-3-256,建水学政考棚,清,云南省建水县,古建筑,第八批,云南省,红河哈尼族彝族自治州,建水县
4759,456,8-0456-3-259,曲西碉楼群,北宋至明,西藏自治区洛扎县,古建筑,第八批,西藏自治区,山南地区,洛扎县
4762,459,8-0459-3-262,达律王府,元,西藏自治区贡觉县,古建筑,第八批,西藏自治区,昌都地区,贡觉县
4770,467,8-0467-3-270,蒲城考院,清,陕西省蒲城县,古建筑,第八批,陕西省,渭南市,蒲城县
4772,469,8-0469-3-272,福津广严院,南宋、清,甘肃省陇南市武都区,古建筑,第八批,甘肃省,陇南市,武都区
4775,472,8-0472-3-275,张掖东仓,明清,甘肃省张掖市甘州区,古建筑,第八批,甘肃省,张掖市,甘州区
4779,476,8-0476-3-279,张掖高总兵宅院,清,甘肃省张掖市甘州区,古建筑,第八批,甘肃省,张掖市,甘州区
